Workbook

Sheet Tissues
A1: tissue | B1: subtissue | C1: comment | D1: mass | E1: sem | F1: groups | G1: front line organ | H1: for_final_table | I1: child_10y | J1: woman | K1: man
A2: Blood | D2: 5241 | F2: blood | H2: Blood | I2: 2616 | J2: 4251 | K2: 5500
A3: Red marrow | D3: 1500 | F3: marrow | H3: Bone Marrow | I3: 630 | J3: 900 | K3: 1170
A4: Lymph nodes | D4: 250 | F4: lymph system | H4: Lymph system | I4: 99 | J4: 185 | K4: 225
A5: Lymph vessels | D5: 450 | F5: connective | H5: Lymph system | I5: 221 | J5: 415 | K5: 505
A6: Spleen | D6: 150 | E6: 20 | F6: lymph system | H6: Lymph system | I6: 80 | J6: 130 | K6: 150
A7: Thymus | D7: 25 | F7: lymph system | H7: Lymph system | I7: 40 | J7: 25 | K7: 20
A8: Tonsils | C8: (2 palatine) | D8: 4 | F8: lymph system | H8: Lymph system | I8: 3 | J8: 3 | K8: 3
A9: Liver | D9: 1800 | F9: epithelial organ | H9: Liver | I9: 830 | J9: 1400 | K9: 1800
A10: Esophagus | D10: 40 | F10: epithelial organ | G10: 1 | H10: GI | I10: 18 | J10: 35 | K10: 40
A11: Stomach | B11: Epithelium | C11: assuming 1/3 | D11: 50 | F11: epithelial organ | G11: 1 | H11: GI | I11: 28 | J11: 47 | K11: 50
A12: Stomach | B12: LP | C12: assuming 1/3 | D12: 50 | F12: epithelial organ | G12: 1 | H12: GI | I12: 28 | J12: 47 | K12: 50
A13: Stomach | B13: Submucosa + Proper muscle | C13: assuming 1/3 | D13: 50 | F13: epithelial organ | G13: 1 | H13: GI | I13: 28 | J13: 47 | K13: 50
A14: SI | B14: Epithelium | D14: 165 | E14: 23 | F14: epithelial organ | G14: 1 | H14: GI | I14: 99 | J14: 161 | K14: 174
A15: SI | B15: LP | D15: 134 | E15: 19 | F15: epithelial organ | G15: 1 | H15: GI | I15: 80 | J15: 131 | K15: 141
A16: SI | B16: Submucosa + Proper muscle | D16: 317 | E16: 130 | F16: epithelial organ | G16: 1 | H16: GI | I16: 190 | J16: 309 | K16: 334
A17: Colon | B17: Epithelium | C17: including rectum | D17: 75 | E17: 16 | F17: epithelial organ | G17: 1 | H17: GI | I17: 40 | J17: 68 | K17: 70
A18: Colon | B18: LP | C18: including rectum | D18: 60 | E18: 13 | F18: epithelial organ | G18: 1 | H18: GI | I18: 32 | J18: 55 | K18: 56
A19: Colon | B19: Submucosa + Proper muscle | C19: including rectum | D19: 260 | E19: 90 | F19: epithelial organ | G19: 1 | H19: GI | I19: 138 | J19: 237 | K19: 244
A20: Lungs | B20: Parenchyma | D20: 540 | F20: epithelial organ | G20: 1 | H20: Lungs | I20: 197 | J20: 395 | K20: 470
A21: Lungs | B21: Pulmonary blood | C21: (plus arterial and venous blood) | D21: =1000-D20-D29 -> 425 | F21: epithelial organ | G21: 1 | H21: Lungs | I21: 290 | J21: 530 | K21: 700
A22: Kidneys | B22: Renal cortex | C22: 2 | D22: =310*70% -> 217 | F22: epithelial organ | H22: Others | I22: 133 | J22: 203 | K22: 228
A23: Kidneys | B23: Medulla | D23: =310*25% -> 77.5 | F23: epithelial organ | H23: Others | I23: 47 | J23: 72 | K23: 82
A24: Pancreas | D24: 100 | F24: epithelial organ | H24: Others | I24: 60 | J24: 120 | K24: 140
A25: Skin | B25: Epidermis | D25: 100 | F25: epithelial organ | G25: 1 | H25: Skin | I25: 56 | J25: 85 | K25: 120
A26: Skin | B26: Dermis | D26: 2500 | F26: epithelial organ | G26: 1 | H26: Skin | I26: 764 | J26: 2215 | K26: 3180
A27: Salivary glands | C27: (3 prs.) | D27: 85 | F27: epithelial organ | H27: Others | I27: 44 | J27: 70 | K27: 85
A28: Urinary bladder | D28: 45 | F28: epithelial organ | H28: Others | I28: 25 | J28: 40 | K28: 50
A29: Testes | C29: 2 | D29: 35 | F29: epithelial organ | H29: Others | I29: 2 | J29: 0 | K29: 35
A30: Bronchial tree | D30: 30 | F30: epithelial organ | G30: 1 | H30: Lungs | I30: 13.15 | J30: 24.66 | K30: 30
A31: Larynx | D31: 28 | F31: epithelial organ | G31: 1 | H31: Lungs | I31: 12 | J31: 19 | K31: 28
A32: Breasts | C32: 2 | D32: 26 | F32: epithelial organ | H32: Others | I32: 15 | J32: 500 | K32: 25
A33: Thyroid | D33: 20 | F33: epithelial organ | H33: Others | I33: 7.9 | J33: 17 | K33: 20
A34: Prostate gland | D34: 16 | F34: epithelial organ | H34: Others | I34: 1.6 | J34: 0 | K34: 17
A35: Ureters | C35: 2 | D35: 16 | F35: epithelial organ | H35: Others | I35: 7 | J35: 15 | K35: 16
A36: Adrenal glands | C36: 2 | D36: 14 | F36: epithelial organ | H36: Others | I36: 7 | J36: 13 | K36: 14
A37: Gallbladder | D37: 10 | F37: epithelial organ | H37: Others | I37: 4.4 | J37: 8 | K37: 10
A38: Trachea | D38: 10 | F38: epithelial organ | G38: 1 | H38: Lungs | I38: 4.5 | J38: 8 | K38: 10
A39: Urethra | D39: 10 | F39: epithelial organ | H39: Others | I39: 3 | J39: 3 | K39: 10
A40: Pituitary gland | D40: 0.6 | F40: epithelial organ | H40: Others | I40: 0.35 | J40: 0.6 | K40: 0.6
A41: Pineal gland | D41: 0.18 | F41: epithelial organ | H41: Others | I41: 0.08 | J41: 0.15 | K41: 0.18
A42: Parathyroid glands | C42: 4 | D42: 0.12 | F42: epithelial organ | H42: Others | I42: 0.08 | J42: 0.15 | K42: 0.18
A43: Connective tissue | C43: Separable | D43: 1600 | F43: connective | H43: Others | I43: 701.37 | J43: 1315.07 | K43: 1600
A44: Periarticular tissue | C44: (total) | D44: 900 | F44: connective | H44: Others | I44: 394.52 | J44: 739.73 | K44: 900
A45: Cartilage | C45: (skeletal) | D45: 1100 | F45: connective | H45: Others | I45: 820 | J45: 900 | K45: 1100
A46: Skeletal Muscles | D46: 28000 | F46: muscle fiber | H46: Others | I46: 11000 | J46: 17500 | K46: 28500
A47: Heart | C47: (without blood) | D47: 330 | F47: muscle fiber | H47: Others | I47: 140 | J47: 250 | K47: 330
A48: Tongue | D48: 70 | F48: muscle fiber | H48: Others | I48: 32 | J48: 60 | K48: 73
A49: Adipose tissue | D49: 15000 | F49: adipose tissue | H49: Others | I49: 7500 | J49: 19000 | K49: 14500
A50: Brain | D50: 1400 | F50: CNS | H50: Others | I50: 1300 | J50: 1300 | K50: 1450
A51: Spinal cord | D51: 30 | F51: CNS | H51: Others | I51: 13 | J51: 25 | K51: 30
A52: Eyes | C52: 2 | D52: 15 | F52: CNS | H52: Others | I52: 12 | J52: 15 | K52: 15
A53: Epididymes | F53: epithelial organ | H53: Others | I53: 1.6 | J53: 0 | K53: 17
A54: Ovaries | C54: 2 | F54: epithelial organ | H54: Others | I54: 0 | J54: 11 | K54: 0
A55: Fallopian tubes | C55: 2 | F55: epithelial organ | H55: Others | I55: 0 | J55: 2.1 | K55: 0
A56: Uterus | F56: epithelial organ | H56: Others | I56: 0 | J56: 80 | K56: 0
A57: Yellow marrow | C57: Marrow inactive | F57: adipose tissue | H57: Others | I57: 630 | J57: 1800 | K57: 2480
A58: Bone | D58: 5000 | F58: extracellular solids | I58: 2300 | J58: 4000 | K58: 5500
A59: GI content | C59: (food+digestive fluids) | D59: 1000 | F59: extracellular fluids | I59: 420 | J59: 830 | K59: 900
A60: Teeth | D60: 46 | F60: extracellular solids | I60: 30 | J60: 130 | K60: 150
A61: Urinary bladder contents | D61: 100 | F61: extracellular fluids | I61: 44 | J61: 82 | K61: 100
A62: cerebrospinal fluid | D62: 120 | F62: extracellular fluids | I62: 53 | J62: 99 | K62: 120
A63: Hair | D63: 20 | F63: extracellular solids | I63: 9 | J63: 16 | K63: 20
A64: Gallbladder's content | C64: (bile) | D64: 62 | F64: extracellular fluids | I64: 27 | J64: 51 | K64: 62
A65: Fingernails and toenails | D65: 3 | F65: extracellular solids | I65: 1.32 | J65: 2.47 | K65: 3

Sheet Myeloid_cells
A1: Source | B1: cell_type | C1: tissue | D1: subtissue | E1: location | F1: specie | G1: population | H1: method | I1: original area [mu^2] | J1: thickness [mu] | K1: cells_per_area | L1: sem_cells_area | M1: ratio_of_target_to_anchor | N1: sem_ratio_of_target_to_anchor | O1: anchor_cells | P1: anchor_cells_sem | Q1: anchor_density | R1: anchor_density_sem | S1: total_target_cells | T1: total_target_cells_sem | U1: relevant_tissue_volume | V1: relevant_tissue_volume_sem | W1: target_cells_density_per_g | X1: target_cells_density_sem | Y1: comment
A2: Gates 1961 | B2: Kupffer cells | C2: Liver | F2: human | G2: healthy tissues from patients | H2: histology | W2: 20000000 | X2: 500000 | Y2: The same derivation we did in Sender & Milo 2021. combining data regarding the fraction of Kupffer cells compared to stallete cells
A3: Stone et al. 1992 | B3: Alveolar macrophages | C3: Lungs | D3: Parenchyma | F3: human | G3: healthy tissues from patients | H3: histology | S3: 12000000000 | T3: 4000000000 | U3: 500 | V3: 100 | W3: 24000000 | X3: 9000000 | Y3: total volume of 8.2 cm^3 in alveolar macrophages
A4: Crapo et al. 1982 | B4: Alveolar macrophages | C4: Lungs | D4: Parenchyma | F4: human | G4: healthy tissues deceased | H4: histology | S4: 46000000000 | T4: 10000000000 | U4: 500 | V4: 100 | W4: 92000000 | X4: 34000000
A5: Ogawa et al. 2000 | B5: Macrophage | C5: Red marrow | F5: human | G5: healthy tissues deceased | H5: histology | M5: 0.083 | N5: 0.017 | O5: 1000000000000 | P5: 400000000000 | S5: 80000000000 | T5: 30000000000 | U5: 1170 | W5: 70000000 | X5: 30000000 | Y5: our of total BM cellularity
A6: Lee et al. 1988 | B6: Macrophage | C6: Red marrow | E6: Blood islands | F6: human | G6: healthy tissues deceased | H6: histology | M6: 0.067 | N6: 0.03 | O6: 600000000000 | S6: 40000000000 | T6: 20000000000 | U6: 1170 | W6: 30000000 | X6: 10000000 | Y6: range of 5-30 erthroid cells per island (one macrophages)
A7: Lyck et. al.2019 | B7: Microglia | C7: Brain | F7: human | G7: healthy tissues deceased | H7: Immunohistochemistry | W7: 8000000 | X7: 600000 | Y7: calculated the density from the number estimates and the volume estimates (per donor)
A8: Pelvig et al. 2008 | B8: Microglia | C8: Brain | F8: human | G8: healthy | H8: histology | M8: 0.06 | N8: 0.01 | O8: 90000000000 | P8: 10000000000 | S8: 5000000000 | T8: 1000000000 | U8: 1450 | V8: 100 | W8: 8000000 | X8: 600000 | Y8: used their fraction as their total numbers seems low compared to Azvedo's
A9: Morgan-Bathke et al. 2017 | B9: Macrophage | C9: Adipose tissue | E9: abdominal, femoral | F9: human | G9: obease (BMI=32) | H9: histology | W9: 130000 | X9: 12000 | Y9: values taken from the CD68+ population (macrophages)
A10: Morgan-Bathke et al. 2017 | B10: Macrophage | C10: Adipose tissue | E10: abdominal, femoral | F10: human | G10: obease (BMI=32) | H10: histology | M10: 0.154 | N10: 0.016 | O10: 50000000000 | P10: 20000000000 | S10: 8000000000 | T10: 4000000000 | U10: 15000 | W10: 500000 | X10: 200000 | Y10: same paper, but given as ratio to adipocytes
A11: Halme et al. 1984 | B11: Macrophage | C11: Connective tissue | E11: Peritoneal liquid | F11: human | G11: women | H11: FACS | U11: 10 | V11: 5 | W11: 2000000 | X11: 400000 | Y11: changes with the phases of the menstrual cycle
A12: McGovern et al. 2014 | B12: Demal macrophages | C12: Skin | E12: whole skin | F12: human | G12: healthy women | H12: FACS | M12: 0.056 | N12: 0.009 | O12: 19000000000 | P12: 10000000000 | S12: 1100000000 | T12: 580000000 | U12: 555 | W12: 1900000 | X12: 1100000 | Y12: reference are dermal fibroblast
A13: McGovern et al. 2014 | B13: CD1a+ Dendritic cells | C13: Skin | E13: whole skin | F13: human | G13: healthy women | H13: FACS | M13: 0.059 | N13: 0.0065 | O13: 19000000000 | P13: 10000000000 | S13: 1100000000 | T13: 600000000 | U13: 555 | W13: 2000000 | X13: 1100000 | Y13: reference are dermal fibroblast
A14: Bauer et al. 2001 | B14: Langerhans cells | C14: Skin | D14: Epidermis | F14: human | G14: healthy women | H14: histology | W14: 23000000 | X14: 5000000 | Y14: calcuated from areal density and thickness of epidermis measured as 60 micron
A15: Singh et al. 2019 | B15: Macrophage | C15: Kidneys | D15: Renal cortex | F15: human | G15: tumor-remote regions | H15: Multiplex | I15: 1000000 | J15: 0 | K15: 7 | L15: 0.4 | W15: 700000 | X15: 40000 | Y15: calcuated from the density of all cells (translated from areal to volume) and the fraction of macrophages
A16: Singh et al. 2019 | B16: Macrophage | C16: Kidneys | D16: Medulla | F16: human | G16: tumor-remote regions | H16: Multiplex | I16: 1000000 | J16: 0 | K16: 59.5 | L16: 3.4 | W16: 6000000 | X16: 340000 | Y16: calcuated from the density of all cells (translated from areal to volume) and the fraction of macrophages
A17: Schmidt et al. 1993 | B17: Macrophage | C17: Skeletal Muscles | E17: adbominal | F17: human | G17: healthy | H17: histology | I17: 1000000 | J17: 8 | K17: 13 | L17: 3.1 | W17: 720000 | X17: 170000 | Y17: taken only the meausrments from skeletal muscles and not the eye muscles
A18: Azzawi et al. 1997 | B18: Macrophage | C18: Heart | F18: human | G18: healthy tissues deceased | H18: histology | I18: 100000 | J18: 3 | K18: 1 | L18: 0.5 | W18: 770000 | X18: 380000 | Y18: given per HPF without area size, asumed similar to previous paper
A19: Gualdron-Lopez et al. 2021 | B19: Macrophage | C19: Spleen | F19: human | G19: transplantation donors | H19: FACS | M19: 0.001 | N19: 0 | Q19: 1400000000 | W19: 1400000 | X19: 410000 | Y19: relative to all leukocytes (almost everything but RBCs) in the spleen, used the density found in the lymphocytes analysis
A20: Gualdron-Lopez et al. 2021 | B20: Dendritic cells | C20: Spleen | F20: human | G20: transplantation donors | H20: FACS | M20: 0.0033 | N20: 0.0011 | Q20: 1400000000 | W20: 4400000 | X20: 1500000 | Y20: relative to all leukocytes (almost everything but RBCs) in the spleen, used the density found in the lymphocytes analysis
A21: Nagashima et al. 1996 | B21: Lamina propria macrophages | C21: Stomach | D21: LP | F21: human | G21: healthy tissues from patients | H21: histology | M21: 0.01 | N21: 0.004 | O21: 20000000000 | P21: 4000000000 | S21: 200000000 | T21: 80000000 | U21: 50 | V21: 20 | W21: 3000000 | X21: 2000000 | Y21: data given as ratio to the epithelial cells above
A22: Nagashima et al. 1996 | B22: Lamina propria macrophages | C22: SI | D22: LP | E22: duodenum | F22: human | G22: healthy tissues from patients | H22: histology | M22: 0.009 | N22: 0.001 | O22: 7000000000 | P22: 2000000000 | S22: 70000000 | T22: 20000000 | U22: 8 | V22: 2 | W22: 8000000 | X22: 3000000 | Y22: data given as ratio to the epithelial cells above
A23: Nagashima et al. 1996 | B23: Lamina propria macrophages | C23: SI | D23: LP | E23: ileum, jejunum | F23: human | G23: healthy tissues from patients | H23: histology | M23: 0.009 | N23: 0.002 | O23: 100000000000 | P23: 30000000000 | S23: 1000000000 | T23: 400000000 | U23: 120 | V23: 13 | W23: 8000000 | X23: 3000000 | Y23: data given as ratio to the epithelial cells above
A24: Nagashima et al. 1996 | B24: Lamina propria macrophages | C24: Colon | D24: LP | E24: Colon | F24: human | G24: healthy tissues from patients | H24: histology | M24: 0.07 | N24: 0.001 | O24: 50000000000 | P24: 20000000000 | S24: 4000000000 | T24: 2000000000 | U24: 51 | V24: 12 | W24: 70000000 | X24: 30000000
A25: Nagashima et al. 1996 | B25: Lamina propria macrophages | C25: Colon | D25: LP | E25: Rectum | F25: human | G25: healthy tissues from patients | H25: histology | M25: 0.06 | N25: 0.006 | O25: 7000000000 | P25: 3000000000 | S25: 400000000 | T25: 200000000 | U25: 7 | V25: 1 | W25: 60000000 | X25: 30000000
A26: Van Furth & Dulk | B26: Macrophage | C26: Spleen | F26: mouse | M26: 0.025 | N26: 0.0075 | Q26: 1500000000 | R26: 300000000 | W26: 40000000 | X26: 10000000
A27: Greer et al. 2004 | B27: Monocyte | C27: Lymph nodes | F27: mouse | M27: 0.004 | N27: 0.001 | Q27: 1000000000 | W27: 4000000 | X27: =Q27*N27 -> 1000000 | Y27: density of LN cells taken from non-human
A28: Kumar et al. 2015 | B28: Macrophage | C28: Lymph nodes | F28: mouse | G28: healthy | H28: FACS | M28: 0.01 | N28: 0.001 | Q28: 1000000000 | W28: 10000000 | X28: =Q28*N28 -> 1000000
A29: Kumar et al. 2015 | B29: Dendritic cells | C29: Lymph nodes | F29: mouse | G29: healthy | H29: FACS | M29: 0.006 | N29: 0.001 | Q29: 1000000000 | W29: 6000000 | X29: =Q29*N29 -> 1000000
A30: Lee et al. 1985 | B30: Macrophage | C30: Bone marrow | F30: mouse | G30: healthy | H30: Absorption Indirect Binding Assay | W30: 60000000 | X30: 6000000
A31: Lee et al. 1985 | B31: Macrophage | C31: Lungs | F31: mouse | G31: healthy | H31: Absorption Indirect Binding Assay | W31: 10000000 | X31: 2000000
A32: Lee et al. 1985 | B32: Macrophage | C32: Kidneys | D32: Renal cortex | F32: mouse | G32: healthy | H32: Absorption Indirect Binding Assay | W32: 20000000 | X32: 5000000
A33: Lee et al. 1985 | B33: Macrophage | C33: Testes | F33: mouse | G33: healthy | H33: Absorption Indirect Binding Assay | W33: 10000000 | X33: 2000000
A34: Lee et al. 1985 | B34: Macrophage | C34: Urinary bladder | F34: mouse | G34: healthy | H34: Absorption Indirect Binding Assay | W34: 3000000 | X34: 0
A35: Lee et al. 1985 | B35: Macrophage | C35: Adrenal glands | F35: mouse | G35: healthy | H35: Absorption Indirect Binding Assay | W35: 10000000 | X35: 3000000
A36: Lee et al. 1985 | B36: Macrophage | C36: Stomach | D36: LP | F36: mouse | G36: healthy | H36: Absorption Indirect Binding Assay | W36: 10000000 | X36: 3000000
A37: Lee et al. 1985 | B37: Macrophage | C37: SI | D37: LP | F37: mouse | G37: healthy | H37: Absorption Indirect Binding Assay | W37: 10000000 | X37: 3000000
A38: Lee et al. 1985 | B38: Macrophage | C38: Colon | D38: LP | F38: mouse | G38: healthy | H38: Absorption Indirect Binding Assay | W38: 20000000 | X38: 3000000
A39: Lee et al. 1985 | B39: Macrophage | C39: Lymph nodes | E39: Cervical | F39: mouse | G39: healthy | H39: Absorption Indirect Binding Assay | W39: 20000000 | X39: 5000000
A40: Lee et al. 1985 | B40: Macrophage | C40: Lymph nodes | E40: Mesenteric | F40: mouse | G40: healthy | H40: Absorption Indirect Binding Assay | W40: 30000000 | X40: 6000000
A41: Lee et al. 1985 | B41: Macrophage | C41: SI | D41: Peyer's patches | F41: mouse | G41: healthy | H41: Absorption Indirect Binding Assay | W41: 20000000 | X41: 4000000
A42: Lee et al. 1985 | B42: Macrophage | C42: Thymus | F42: mouse | G42: healthy | H42: Absorption Indirect Binding Assay | W42: 10000000 | X42: 3000000
A43: Lee et al. 1985 | B43: Macrophage | C43: Spleen | F43: mouse | G43: healthy | H43: Absorption Indirect Binding Assay | W43: 50000000 | X43: 2000000
A44: Lee et al. 1985 | B44: Macrophage | C44: Liver | F44: mouse | G44: healthy | H44: Absorption Indirect Binding Assay | W44: 16000000 | X44: 3000000
A45: Crocker & Gordon, 1985 | B45: Macrophage (resident BM) | C45: Red marrow | F45: mouse | G45: healthy | H45: Isolation of hematopoietic clusters | M45: 0.009 | S45: 300000 | U45: 0.023 | V45: 0.002 | W45: 10000000 | X45: 900000
A46: Kaur et al. 2018 | B46: Macrophage | C46: Red marrow | F46: mouse | G46: healthy | S46: 600000 | U46: 0.0115 | V46: 0.001 | W46: 50000000 | X46: 5000000 | Y46: using Lee et al. 1985 oran mass
A47: Kaur et al. 2018 | B47: Macrophage | C47: Red marrow | F47: mouse | G47: healthy | S47: 3000000 | T47: 1000000 | U47: 0.11 | V47: 0.02 | W47: 20000000 | X47: 4000000 | Y47: using Lee et al. 1985 oran mass
A48: Kaur et al. 2018 | B48: Monocyte | C48: Red marrow | F48: mouse | G48: healthy | S48: 3000000 | T48: 1000000 | U48: 0.11 | V48: 0.02 | W48: 20000000 | X48: 4000000 | Y48: using Lee et al. 1985 oran mass
A49: Wang et al. 2020 | B49: Monocyte | C49: Spleen | F49: human | G49: healthy tissues from old patients | H49: Imaging Mass Cytometric Analysis | I49: 250000 | J49: 0 | K49: 106 | M49: 0.03 | N49: 0.005 | Q49: 1400000000 | W49: 42000000 | X49: 8500000
A50: Wang et al. 2020 | B50: Macrophage | C50: Spleen | F50: human | G50: healthy tissues from old patients | H50: Imaging Mass Cytometric Analysis | I50: 250000 | J50: 0 | K50: 891 | M50: 0.26 | N50: 0.01 | Q50: 1400000000 | W50: 200000000 | X50: 44000000 | Y50: from supp fig, CD11b+ . We take a diameter of 18 micron
A51: Wang et al. 2020 | B51: Dendritic cells | C51: Spleen | F51: human | G51: healthy tissues from old patients | H51: Imaging Mass Cytometric Analysis | I51: 250000 | J51: 0 | K51: 374 | M51: 0.11 | N51: 0.01 | Q51: 1400000000 | W51: 94000000 | X51: 18000000 | Y51: from supp fig, CD11c+ . We take a diameter of 16 micron
A52: Sender & Milo 2021 | B52: Monocyte | C52: Blood | F52: human | G52: healthy | H52: integration of blood count | W52: =0.55*10^6 -> 550000 | X52: =0.08*10^6 -> 80000 | Y52: Averging 5 sources
A53: Freudenthal and Steinman, 1990 | B53: Dendritic cells | C53: Blood | F53: human | G53: healthy | H53: FACS | M53: 0.003 | N53: 0.002 | Q53: =35*10^9 -> 35000000000 | R53: =5%*Q53 -> 1750000000 | S53: =M53*Q53 -> 105000000 | T53: =SQRT(SUMSQ(M53*R53,N53*Q53)) -> 70196599 | U53: 5250 | W53: 20000 | X53: 13400 | Y53: range given as 0.1-1% of total mononuclear blood cells
A54: Hanifa et al. 2009 | B54: Dendritic cells | C54: Skin | D54: Dermis | F54: human | G54: healthy | H54: histology | I54: 1000000 | J54: 300 | K54: 1470 | L54: 270 | W54: 4700000 | X54: 870000 | Y54: thickness of sample not given directly, assumed 300 microns based on Hanifa et al. 2012
A55: Hanifa et al. 2009 | B55: Macrophage | C55: Skin | D55: Dermis | F55: human | G55: healthy | H55: histology | I55: 1000000 | J55: 300 | K55: 930 | L55: 250 | W55: 3000000 | X55: 810000 | Y55: thickness of sample not given directly, assumed 300 microns based on Hanifa et al. 2012
A56: Chang et al. 2013 | B56: Dendritic cells | C56: Lymph nodes | F56: human | G56: healthy intra-mammary lymph nodes | H56: histology | M56: 0.013 | N56: 0.004 | Q56: 2000000000 | W56: 26000000 | X56: 8000000 | Y56: Percentage dendritic cells (DCs) out of all T cells, DCs, and other hematoxylin-stained cells identified in a node (%DCs)

Sheet Granulocytes
A1: Source | B1: cell_type | C1: tissue | D1: subtissue | E1: location | F1: specie | G1: population | H1: method | I1: original area [mu^2] | J1: thickness [mu] | K1: cells_per_area | L1: sem_cells_area | M1: ratio_of_target_to_anchor | N1: sem_ratio_of_target_to_anchor | O1: anchor_cells | P1: anchor_cells_sem | Q1: anchor_density | R1: anchor_density_sem | S1: total_target_cells | T1: total_target_cells_sem | U1: relevant_tissue_volume | V1: relevant_tissue_volume_sem | W1: target_cells_density_per_g | X1: target_cells_density_sem | Y1: comment
A2: Sender & Milo 2021 | B2: Neutrophil | C2: Blood | F2: human | G2: healthy | H2: integration of previous studies | S2: 21000000000 | T2: 1000000000 | U2: 5200 | W2: 4000000 | X2: 190000
A3: Sender & Milo 2021 | B3: Neutrophil | C3: Bone Marrow | D3: mitotic pool | F3: human | G3: healthy | H3: integration of previous studies | S3: 180000000000 | T3: 30000000000 | U3: 1170 | W3: 150000000 | X3: 26000000
A4: Sender & Milo 2021 | B4: Neutrophil | C4: Bone Marrow | D4: post-mitotic pool | F4: human | G4: healthy | H4: integration of previous studies | S4: 420000000000 | T4: 60000000000 | U4: 1170 | W4: 360000000 | X4: 51000000
A5: Sender & Milo 2021 | B5: Neutrophil | C5: other | E5: marginal pool | F5: human | G5: healthy | H5: integration of previous studies | S5: 21000000000 | T5: 1000000000
A6: Dhesi et al. 1984 | B6: Neutrophil | C6: Colon | D6: LP | F6: human | G6: healthy | H6: histology | S6: 250000000 | T6: 190000000 | U6: 186 | V6: 22 | W6: 1300000 | X6: 1000000 | Y6: estimates based on the density of plasma cells from other studies, using the ratio of neurtrophils to plasma cells from Dhesi
A7: Gualdron-Lopez et al. 2021 | B7: Neutrophil | C7: Spleen | E7: red pulp | F7: human | G7: transplantation donors | H7: FACS | M7: 0.179 | N7: 0.035 | P7: 2000000000 | Q7: 100000000 | S7: 40000000000 | T7: 9900000000 | U7: 150 | V7: 20 | W7: 300000000 | X7: 55000000 | Y7: fraction of leukocytes (almost everything but RBCs)
A8: Liang et al. 2015 | B8: Neutrophil | C8: Skeletal Muscles | F8: macaques | H8: FACS | M8: 0.002 | N8: 0.0002 | P8: 700000 | Q8: 100000 | S8: 40000000 | T8: 7900000 | U8: 28500 | V8: 3000 | W8: 1000 | X8: 200 | Y8: fraction out of live cells
A9: Lok et al. 2019 | B9: Neutrophil | C9: Lymph nodes | F9: human | H9: FACS | M9: 0.0081 | N9: 0.0038 | P9: 650000000 | Q9: 80000000 | S9: 1200000000 | T9: 590000000 | U9: 225 | V9: 30 | W9: 5300000 | X9: 3000000 | Y9: fraction out of live cells, averaged over three LN
A10: Banat et al. 2015 | B10: Neutrophil | C10: Lungs | D10: Parenchyma | F10: human | G10: healthy | H10: histology | M10: 0.0081 | N10: 0.001 | O10: 300000000000 | S10: 2000000000 | T10: 1200000000 | U10: =Tissues!$D$20 -> 540 | W10: =S10/U10 -> 3703703.7 | X10: =T10/S10*W10 -> 2222222.2 | Y10: fraction of cells, total cells taken from Travaglini et al. 2020
A11: Donohue et al. 1958 + Harrison 1962 + Greer 2004 | B11: Eosinophil | C11: Bone Marrow | D11: mitotic pool | F11: human | H11: integration | M11: 0.01 | N11: 0.004 | O11: 1000000000000 | P11: 350000000000 | S11: 9800000000 | T11: 5200000000 | U11: 1170 | W11: 8300000 | X11: 4500000 | Y11: the anchor is all nucleated cells in the BM
A12: Donohue et al. 1958 + Harrison 1962 + Greer 2004 | B12: Eosinophil | C12: Bone Marrow | D12: non mitotic pool | F12: human | H12: integration | M12: 0.021 | N12: 0.007 | O12: 1000000000000 | P12: 350000000000 | S12: 22000000000 | T12: 11000000000 | U12: 1170 | W12: 19000000 | X12: 9000000 | Y12: the anchor is all nucleated cells in the BM
A13: Walle & Parawaresch 1979 | B13: Eosinophil | C13: Bone Marrow | D13: non mitotic pool | F13: human | G13: old cancer patients | H13: labeling study + model | S13: 9600000000 | T13: 2800000000 | U13: 1170 | W13: 8200000 | X13: 2400000
A14: Walle & Parawaresch 1979 | B14: Eosinophil | C14: Blood | F14: human | H14: Blood count | S14: 930000000 | T14: 200000000 | U14: 5200 | V14: 500 | W14: 180000 | X14: 33000
A15: Sevitt 1955 | B15: Eosinophil | C15: Spleen | F15: human | S15: 2300000000 | T15: 780000000 | U15: 150 | V15: 20 | W15: 16000000 | X15: 4800000
A16: Thorsby et al. 2000 | B16: Eosinophil | C16: Thymus | F16: rat | H16: FACS | M16: 0.002 | Q16: 1500000000 | R16: 100000000 | W16: 3000000 | X16: 200000 | Y16: the anchor is total thymus cells. according to MIBI-TOF
A17: Bischoff et al. 1996 | B17: Eosinophil | C17: Colon | D17: LP | E17: lower GI | F17: human | G17: control | H17: histology | I17: 1000000 | J17: 5 | K17: 258 | L17: 26 | W17: 20000000 | X17: 2000000
A18: DeBrosse et al. 2006 | B18: Eosinophil | C18: Stomach | D18: LP | F18: human | G18: children around age 10 | H18: histology | I18: 280000 | J18: 5 | K18: 2 | L18: 1.5 | W18: 500000 | X18: 400000
A19: DeBrosse et al. 2007 | B19: Eosinophil | C19: SI | D19: LP | E19: Duodenum | F19: human | G19: children around age 10 | H19: histology | I19: 280000 | J19: 5 | K19: 9.6 | L19: 5.3 | W19: 2000000 | X19: 1000000
A20: DeBrosse et al. 2008 | B20: Eosinophil | C20: SI | D20: LP | E20: Ileum | F20: human | G20: children around age 10 | H20: histology | I20: 280000 | J20: 5 | K20: 12.4 | L20: 5.4 | W20: 3000000 | X20: 1000000
A21: DeBrosse et al. 2009 | B21: Eosinophil | C21: Colon | D21: LP | E21: Colon | F21: human | G21: children around age 10 | H21: histology | I21: 280000 | J21: 5 | K21: 18.3 | L21: 7.5 | W21: 4000000 | X21: 2000000
A22: DeBrosse et al. 2010 | B22: Eosinophil | C22: Colon | D22: LP | E22: Rectum | F22: human | G22: children around age 10 | H22: histology | I22: 280000 | J22: 5 | K22: 8.3 | L22: 5.9 | W22: 2000000 | X22: 1000000
A23: Travaglini et al. 2020 | B23: Eosinophil | C23: Lungs | D23: Parenchyma | F23: human | H23: integration of histology | M23: 0.25 | N23: 0.1 | O23: 4600000000 | S23: 1200000000 | T23: 460000000 | U23: =Tissues!$D$20 -> 540 | W23: =S23/U23 -> 2222222.2 | X23: =T23/S23*W23 -> 851851.85 | Y23: based on Finkelstein et al. 1995 and Banat et al. 2015, anchor is all PMN, assuming neutriphil are more than half based on the previous study
A24: Kato et al., 1998 | B24: Eosinophil | C24: other | F24: human | W24: 0 | X24: 0
A25: Saad, 2011 | B25: Mast cell | C25: Colon | D25: LP | F25: human | G25: children | H25: histology of bioposies | I25: 300000 | J25: 5 | K25: 16 | L25: 7 | W25: 4000000 | X25: 2000000 | Y25: two orders of magnitude more than in the epithleium
A26: Bischoff et al. 1996 | B26: Mast cell | C26: Colon | D26: LP | F26: human | G26: control patients | H26: histology of bioposies | I26: 1000000 | J26: 5 | K26: 206 | L26: 18 | W26: 10000000 | X26: 1000000
A27: Bischoff et al. 1996 | B27: Mast cell | C27: SI | D27: LP | F27: human | G27: control patients | H27: histology of bioposies | I27: 1000000 | J27: 5 | K27: 206 | L27: 18 | W27: 10000000 | X27: 1000000
A28: Travaglini et al. 2020 | B28: Mast cell | C28: Lungs | D28: Parenchyma | E28: alveolar parenchyma | F28: human | H28: derived from fraction of cells in histology | S28: 3000000000 | U28: 500 | W28: 6000000
A29: Yang et al. 2018 | B29: Mast cell | C29: Skin | D29: Dermis | E29: close to various locations (hair folliceles, nerve, muscle, adipose) | F29: rat | H29: histology of bioposies | I29: 100000 | J29: 5 | K29: 11 | L29: 2.5 | W29: 7000000 | X29: 2000000 | Y29: averaged over different locations
A30: Rathod et al. 2018 | B30: Mast cell | C30: Connective tissue | E30: Gums | F30: human | G30: healthy control | H30: histology of bioposies | I30: 1000000 | J30: 5 | K30: 98 | L30: 6 | W30: 7000000 | X30: 400000
A31: Carrol et al. 2002 | B31: Mast cell | C31: Trachea | E31: cartilaginous airways | F31: human | G31: healthy control | H31: histology of bioposies | I31: 1000000 | J31: 5 | K31: 27 | L31: 9 | W31: 2000000 | X31: 600000
A32: Carrol et al. 2002 | B32: Mast cell | C32: Bronchial tree | E32: membranous airways | F32: human | G32: healthy control | H32: histology of bioposies | I32: 1000000 | J32: 5 | K32: 155 | L32: 21 | W32: 10000000 | X32: 1000000
A33: Anderson et al. 2008 | B33: Mast cell | C33: Trachea | E33: central airways | F33: human | G33: healthy | H33: histology of bioposies | I33: 1000000 | J33: 3 | K33: 160 | L33: 48 | W33: 10000000 | X33: 4000000
A34: Anderson et al. 2008 | B34: Mast cell | C34: Bronchial tree | E34: small airways | F34: human | G34: healthy | H34: histology of bioposies | I34: 1000000 | J34: 3 | K34: 307 | L34: 20 | W34: 20000000 | X34: 2000000
A35: Anderson et al. 2008 | B35: Mast cell | C35: Lungs | D35: Parenchyma | E35: alveolar parenchyma | F35: human | G35: healthy | H35: histology of bioposies | I35: 1000000 | J35: 3 | K35: 398 | L35: 73 | W35: 30000000 | X35: 6000000
A36: Anderson et al. 2008 | B36: Mast cell | C36: Lungs | D36: Pulmonary blood | E36: perivascular tissue | F36: human | G36: healthy | H36: histology of bioposies | I36: 1000000 | J36: 3 | K36: 227 | L36: 61 | W36: 20000000 | X36: 5000000
A37: Jiang et al. 2002 | B37: Mast cell | C37: Stomach | D37: LP | E37: Gastric carcinoma | F37: human | G37: cancer patients | H37: histology of bioposies | I37: 30000 | J37: 3.5 | K37: 21 | W37: 50000000 | Y37: only results are given relative to a threshold to 21/0.03 mm2, we use this as some reference
A38: Legere et al. 2020 | B38: Mast cell | C38: Heart | E38: atria | F38: human | G38: cardiac surgery patients | H38: histology of bioposies | I38: 1000000 | J38: 5 | K38: 7 | L38: 5 | W38: 500000 | X38: 300000 | Y38: thickness not given. assumed 5 mu
A39: Craig et al. 1986 | B39: Mast cell | C39: Skin | D39: Dermis | E39: Keliod | F39: human | H39: histology of bioposies | W39: 3000000 | X39: 100000 | Y39: given as cells per mm^3 and tranformed by us to cm^3
A40: Craig et al. 1986 | B40: Mast cell | C40: Bronchial tree | E40: epithelial | F40: human | H40: histology of bioposies | W40: 8000000 | X40: 5000000 | Y40: given as cells per mm^3 and tranformed by us to cm^3
A41: Craig et al. 1986 | B41: Mast cell | C41: Bronchial tree | E41: subepithelial | F41: human | H41: histology of bioposies | W41: 20000000 | X41: 3000000 | Y41: given as cells per mm^3 and tranformed by us to cm^3
A42: Craig et al. 1986 | B42: Mast cell | C42: Lungs | D42: Parenchyma | E42: alveolar parenchyma (subepithelial) | F42: human | H42: histology of bioposies | W42: 30000000 | X42: 10000000 | Y42: given as cells per mm^3 and tranformed by us to cm^3
A43: Craig et al. 1986 | B43: Mast cell | C43: SI | D43: LP | E43: mucosa | F43: human | H43: histology of bioposies | W43: 20000000 | X43: 3000000 | Y43: given as cells per mm^3 and tranformed by us to cm^3
A44: Craig et al. 1986 | B44: Mast cell | C44: SI | D44: Submucosa + Proper muscle | E44: submucosa | F44: human | H44: histology of bioposies | W44: 9000000 | X44: 2000000 | Y44: given as cells per mm^3 and tranformed by us to cm^3
A45: Gounaris et al. 2007 | B45: Mast cell | C45: Colon | D45: LP | E45: polyps | F45: human | H45: histology of bioposies | I45: 30000 | J45: 6 | K45: 1.7 | L45: 0.3 | W45: 4000000 | X45: 600000 | Y45: field area was estimated based on supplemantry fig S5. assumed to represent both LP and submucosa
A46: Gounaris et al. 2007 | B46: Mast cell | C46: Colon | D46: Submucosa + Proper muscle | E46: polyps | F46: human | H46: histology of bioposies | I46: 30000 | J46: 6 | K46: 1.7 | L46: 0.3 | W46: 4000000 | X46: 600000 | Y46: field area was estimated based on supplemantry fig S5. assumed to represent both LP and submucosa
A47: Brockmeyer et al. 2017 | B47: Mast cell | C47: Connective tissue | E47: Gums, oral squamous cell carcinoma | F47: human | G47: cancer patients | H47: histology of bioposies | I47: 1000000 | J47: 2 | K47: 33.2 | W47: 3000000 | Y47: value is taken from the thershold cut-off for improving survival
A48: Kallionpää et al. 2022 | B48: Mast cell | C48: cNFs | D48: neurofibromatosis | E48: cutaneous neurofibromas | F48: human | G48: neurofibromatosis 1 patients | I48: 1000000 | J48: 3 | K48: 280 | L48: 140 | W48: 20000000 | X48: 10000000
A49: Lopez-Perez | B49: Mast cell | C49: Adipose tissue | E49: omental white AT | F49: human | G49: obese, non Type 2 diabetes | H49: FACS on stromal vascular fraction out of 2-2.5g sample | W49: 20000 | X49: 10000 | Y49: measurments of mast cells per g tissue
A50: Lopez-Perez | B50: Mast cell | C50: Adipose tissue | E50: subcutaneous white AT | F50: human | G50: obese, non Type 2 diabetes | H50: FACS on stromal vascular fraction out of 2-2.5g sample | W50: 20000 | X50: 10000 | Y50: measurments of mast cells per g tissue
A51: Mikhail et al. 1964 | B51: Mast cell | C51: Skin | D51: Dermis | F51: human | G51: healthy | H51: histology of bioposies | J51: 25 | W51: 7000000 | X51: 800000 | Y51: given per cube mm
A52: Janssen et al. 2008 | B52: Mast cell | C52: Skin | D52: Dermis | E52: average on proximal body sites and distal sites | F52: human | G52: healthy | H52: histology of bioposies | I52: 1000000 | J52: 4 | K52: 92.5 | L52: 21.9 | W52: 7000000 | X52: 2000000 | Y52: 10 layers all in the dermis
A53: Greer 2004 | B53: Mast cell | C53: Red marrow | F53: human | G53: healthy | H53: Differential Counts of Bone Marrow Aspirate | M53: 0.001 | N53: 0.0005 | O53: 1000000000000 | P53: 400000000000 | S53: =M53*O53 -> 1000000000 | T53: =SQRT(SUMSQ(P53*M53,N53*O53)) -> 6.4031242e+08 | U53: 1170 | W53: =S53/U53 -> 854700.85 | X53: =T53/S53*W53 -> 547275.58 | Y53: out of total BM cellularity
A54: Greer 2004 | B54: Basophil | C54: Red marrow | F54: human | G54: healthy | H54: Differential Counts of Bone Marrow Aspirate | M54: 0.001 | N54: 0.0005 | O54: 1000000000000 | P54: 400000000000 | S54: =M54*O54 -> 1000000000 | T54: =SQRT(SUMSQ(P54*M54,N54*O54)) -> 6.4031242e+08 | U54: 1170 | W54: =S54/U54 -> 854700.85 | X54: =T54/S54*W54 -> 547275.58 | Y54: out of total BM cellularity
A55: Juhlin, 1963 | B55: Basophil | C55: Red marrow | F55: human | G55: healthy | H55: bone marrow smears | M55: 0.003 | N55: 0.0003 | O55: 1000000000000 | P55: 400000000000 | S55: =M55*O55 -> 3000000000 | T55: =SQRT(SUMSQ(P55*M55,N55*O55)) -> 1236931688 | U55: 1170 | W55: =S55/U55 -> 2564102.6 | X55: =T55/S55*W55 -> 1057206.6 | Y55: out of total BM cellularity
A56: Juhlin, 1963 | B56: Basophil | C56: Blood | F56: human | G56: healthy | H56: Blood count | M56: 0.005 | N56: 0.0005 | Q56: =7*10^6 -> 7000000 | R56: =Q56/10 -> 700000 | W56: =Q56*M56 -> 35000 | X56: =SQRT(SUMSQ(M56*R56,N56*Q56)) -> 4949.7475 | Y56: out of total white blood count

Sheet Lymphocytes
A1: Source | B1: cell_type | C1: tissue | D1: subtissue | E1: location | F1: specie | G1: population | H1: method | I1: original area [mu^2] | J1: thickness [mu] | K1: cells_per_area | L1: sem_cells_area | M1: ratio_of_target_to_anchor | N1: sem_ratio_of_target_to_anchor | O1: anchor_cells | P1: anchor_cells_sem | Q1: anchor_density | R1: anchor_density_sem | S1: total_target_cells | T1: total_target_cells_sem | U1: relevant_tissue_volume | V1: relevant_tissue_volume_sem | W1: target_cells_density_per_g | X1: target_cells_density_sem | Y1: comment
A2: Apoil et al. 2017 | B2: T cells | C2: Blood | F2: human | H2: Blood count | W2: =1000*1433 -> 1433000 | X2: 55.220589 | Y2: density==1, ml->g
A3: Apoil et al. 2017 | B3: B cells | C3: Blood | F3: human | H3: Blood count | W3: =1000*245 -> 245000 | X3: 13.927317 | Y3: density==1, ml->g
A4: Apoil et al. 2017 | B4: NK cells | C4: Blood | F4: human | H4: Blood count | W4: =1000*284 -> 284000 | X4: 18.569756 | Y4: density==1, ml->g
A5: Apoil et al. 2017 | B5: Plasma cells | C5: Blood | F5: human | H5: Blood count | W5: =1000*3.4 -> 3400 | X5: 0.47646083 | Y5: plasmablast, density==1, ml->g
A6: Donohue et al. 1958 | B6: Lymphocytes | C6: Red marrow | F6: human | H6: Fe59 method | M6: =4.6% -> 0.046 | O6: =18*10^9*70 -> 1260000000000 | P6: 400000000000 | S6: =M6*O6 -> 57960000000 | T6: =M6*P6 -> 18400000000 | U6: 1170 | W6: =S6/U6 -> 49538462 | X6: =T6/S6*W6 -> 15726496
A7: Harrison 1962 | B7: Lymphocytes | C7: Red marrow | F7: human | H7: Fe59 method | M7: =(3.4%+0.7%)/(1-3.6%) -> 0.04253112 | O7: =AVERAGE(10.4,11.1)*10^9*70 -> 752500000000 | P7: =STDEV(10.4,11.1)*10^9*70 -> 34648232278 | S7: =M7*O7 -> 32004668050 | T7: =M7*P7 -> 1473628136 | U7: 1170 | W7: =S7/U7 -> 27354417 | X7: =T7/S7*W7 -> 1259511.2
A8: Five studies | B8: T cells | C8: Red marrow | F8: human | H8: Biopsies and cryostat sections | M8: =Lymph_subgroups_and_details!N5 -> 0.53986472 | N8: =Lymph_subgroups_and_details!M5 -> 0.094733285 | Q8: =AVERAGE($W$6:$W$7) -> 38446439 | R8: =sqrt(sumsq(stdev($W$6:$W$7), average($X$6:$X$7))) -> 17838078 | U8: 1170 | W8: =Q8*M8 -> 20755876 | X8: =sqrt(sumsq(M8*R8,N8*Q8)) -> 10295877 | Y8: see details in the subgroup and details tab
A9: Five studies | B9: B cells | C9: Red marrow | F9: human | H9: Biopsies and cryostat sections | M9: =Lymph_subgroups_and_details!N6 -> 0.37432658 | N9: =Lymph_subgroups_and_details!M6 -> 0.064498043 | Q9: =AVERAGE($W$6:$W$7) -> 38446439 | R9: =sqrt(sumsq(stdev($W$6:$W$7), average($X$6:$X$7))) -> 17838078 | U9: 1170 | W9: =Q9*M9 -> 14391524 | X9: =sqrt(sumsq(M9*R9,N9*Q9)) -> 7122843.7 | Y9: see details in the subgroup and details tab
A10: Five studies | B10: NK cells | C10: Red marrow | F10: human | H10: Biopsies and cryostat sections | M10: =Lymph_subgroups_and_details!N7 -> 0.085808691 | N10: =Lymph_subgroups_and_details!M7 -> 0.034168738 | Q10: =AVERAGE($W$6:$W$7) -> 38446439 | R10: =sqrt(sumsq(stdev($W$6:$W$7), average($X$6:$X$7))) -> 17838078 | U10: 1170 | W10: =Q10*M10 -> 3299038.6 | X10: =sqrt(sumsq(M10*R10,N10*Q10)) -> 2017088.4 | Y10: see details in the subgroup and details tab
A11: Five studies | B11: Plasma cells | C11: Red marrow | F11: human | H11: morphlogical, flow cytometry | Q11: =AVERAGE($W$6:$W$7) -> 38446439 | R11: =sqrt(sumsq(stdev($W$6:$W$7), average($X$6:$X$7))) -> 17838078 | S11: =Lymph_subgroups_and_details!C24 -> 2543486329 | T11: =Lymph_subgroups_and_details!D24 -> 1276226483 | U11: 1170 | W11: =S11/U11 -> 2173919.9 | X11: =T11/S11*W11 -> 1090791.9 | Y11: see details in the subgroup and details tab
A12: Wang et al. 2020 + 5 studies | B12: T cells | C12: Spleen | F12: human | G12: healthy tissues from old patients | H12: Imaging Mass Cytometric Analysis + isolation, histology + | M12: =Lymph_subgroups_and_details!L82 -> 0.4 | N12: =Lymph_subgroups_and_details!M82 -> 0.030811028 | Q12: =3500/500^2/10*10^12 * Lymph_subgroups_and_details!$F$35 -> 1043000000 | R12: =Q12* 2/10 -> 208600000 | U12: 150 | W12: =Q12*M12 -> 417200000 | X12: =sqrt(sumsq(M12*R12,N12*Q12)) -> 89414483 | Y12: see details in the subgroup and details tab (density of spleenic cells according to Wang * 75% lymphocyte portion)
A13: Wang et al. 2020 + 5 studies | B13: B cells | C13: Spleen | F13: human | G13: healthy tissues from old patients | H13: Imaging Mass Cytometric Analysis + isolation, histology + | M13: =Lymph_subgroups_and_details!L83 -> 0.5 | N13: =Lymph_subgroups_and_details!M83 -> 0.027786818 | Q13: =3500/500^2/10*10^12 * Lymph_subgroups_and_details!$F$35 -> 1043000000 | R13: =Q13* 2/10 -> 208600000 | U13: 150 | W13: =Q13*M13 -> 521500000 | X13: =sqrt(sumsq(M13*R13,N13*Q13)) -> 1.0825168e+08 | Y13: see details in the subgroup and details tab (density of spleenic cells according to Wang * 75% lymphocyte portion)
A14: Wang et al. 2020 + 5 studies | B14: NK cells | C14: Spleen | F14: human | G14: healthy tissues from old patients | H14: Imaging Mass Cytometric Analysis + isolation, histology + | M14: =Lymph_subgroups_and_details!L84 -> 0.1 | N14: =Lymph_subgroups_and_details!M84 -> 0.008405188 | Q14: =3500/500^2/10*10^12 * Lymph_subgroups_and_details!$F$35 -> 1043000000 | R14: =Q14* 2/10 -> 208600000 | U14: 150 | W14: =Q14*M14 -> 104300000 | X14: =sqrt(sumsq(M14*R14,N14*Q14)) -> 22627264 | Y14: see details in the subgroup and details tab (density of spleenic cells according to Wang * 75% lymphocyte portion)
A15: Turesson 1976 + Wang et al. 2020 | B15: Plasma cells | C15: Spleen | F15: human | G15: healthy tissues from old patients | H15: Imaging Mass Cytometric Analysis + Ig markers | M15: 0.0044 | N15: =0.08% -> 0.0008 | Q15: =3500/500^2/10*10^12 -> 1400000000 | R15: =Q15* 2/10 -> 280000000 | U15: 150 | W15: =Q15*M15 -> 6160000 | X15: =sqrt(sumsq(M15*R15,N15*Q15)) -> 1664999.7
A16: Mei et al. 2015 + Wang et al. 2020 | B16: Plasma cells | C16: Spleen | F16: human | G16: healthy tissues from old patients | H16: Imaging Mass Cytometric Analysis + flow cytometry | M16: 0.0066 | Q16: =3500/500^2/10*10^12 * Lymph_subgroups_and_details!$F$35 -> 1043000000 | R16: =Q16* 2/10 -> 208600000 | U16: 150 | W16: =Q16*M16 -> 6883800 | X16: =sqrt(sumsq(M16*R16,N16*Q16)) -> 1376760
A17: Bar et al. 1988 | B17: Lymphocytes | C17: Lymph nodes | F17: human | G17: postmortem | H17: DNA content per g | W17: =average(2.2,2.2,4.7)/1000/(6.2*10^-12) -> 4.8924731e+08 | X17: =STDEV(2.2,2.2,4.7)/1000/(6.2*10^-12) -> 2.3280253e+08 | Y17: estimated from the DNA content per mg of samples of up until 1 day post mortem
A18: Rosse et al. 1971 | B18: Lymphocytes | C18: Lymph nodes | E18: Cervical | F18: guinea pig | H18: DNA content per g (hemocytometer) | W18: 1800000000
A19: Rosse et al. 1971 | B19: Lymphocytes | C19: Lymph nodes | E19: Mesenteric | F19: guinea pig | H19: DNA content per g (hemocytometer) | W19: 1400000000
A20: Rosse et al. 1971 | B20: Lymphocytes | C20: Lymph nodes | E20: Axillary | F20: guinea pig | H20: DNA content per g (hemocytometer) | W20: 1500000000
A21: Rosse et al. 1971 | B21: Lymphocytes | C21: Lymph nodes | E21: Popeliteal | F21: guinea pig | H21: DNA content per g (hemocytometer) | W21: 1300000000
A22: Everett et al. 1964 | B22: Lymphocytes | C22: Lymph nodes | E22: Mesenteric | F22: rat | H22: DNA content per g (colorimetric method) | W22: 1100000000
A23: Monden et al. 1959 | B23: Lymphocytes | C23: Lymph nodes | E23: Cervical | F23: rat | H23: DNA content per g (Schneider method) | W23: 1150000000
A24: Monden et al. 1959 | B24: Lymphocytes | C24: Lymph nodes | E24: Mesenteric | F24: rat | H24: DNA content per g (Schneider method) | W24: 1920000000
A25: Monden et al. 1959 | B25: Lymphocytes | C25: Lymph nodes | E25: Axillary | F25: rat | H25: DNA content per g (Schneider method) | W25: 1150000000
A26: Monden et al. 1959 | B26: Lymphocytes | C26: Lymph nodes | E26: Popeliteal | F26: rat | H26: DNA content per g (Schneider method) | W26: 1150000000
A27: Pabst and Trepel 1975 | B27: Lymphocytes | C27: Lymph nodes | E27: Paraaortal LN | F27: piglet | H27: DNA content per g (colorimetric method) | W27: 1030000000
A28: Away 1962 | B28: Lymphocytes | C28: Lymph nodes | E28: Mesenteric | F28: rat | H28: DNA content per g (hemocytometer) | W28: 2300000000
A29: Battaglia et al. 2003 & Backteman et al. 2012 | B29: T cells | C29: Lymph nodes | F29: human | H29: Flow cytometry | M29: =Lymph_subgroups_and_details!F91 -> 0.495125 | N29: =Lymph_subgroups_and_details!G91 -> 0.035927662 | Y29: values are relative to total cells in LN
A30: Battaglia et al. 2003 & Backteman et al. 2012 | B30: B cells | C30: Lymph nodes | F30: human | H30: Flow cytometry | M30: =Lymph_subgroups_and_details!F92 -> 0.342125 | N30: =Lymph_subgroups_and_details!G92 -> 0.02511567 | Y30: values are relative to total cells in LN
A31: Battaglia et al. 2003 & Backteman et al. 2012 | B31: NK cells | C31: Lymph nodes | F31: human | H31: Flow cytometry | M31: =Lymph_subgroups_and_details!F93 -> 0.01275 | N31: =Lymph_subgroups_and_details!G93 -> 0.0014168627 | Y31: values are relative to total cells in LN
A32: Turesson 1976 & Mei et al. 2015 | B32: Plasma cells | C32: Lymph nodes | F32: human | H32: Flow cytometry | M32: =Lymph_subgroups_and_details!D99 -> 0.0013076316 | N32: =Lymph_subgroups_and_details!E99 -> 0.0011795607 | Y32: values are relative to total cells in LN
A33: Marušić et al. 1988, Weerkamp et al. 2005, Westerman & Pabst 1992 | B33: T cells | C33: Thymus | F33: human | H33: Immunohistochemistry, cell suspension, flow cytometry | M33: 0.995 | O33: =Lymph_subgroups_and_details!$C$118 -> 2000000000 | P33: =Lymph_subgroups_and_details!$D$118 -> 1000000000 | S33: =O33*M33 -> 1990000000 | T33: =M33*P33 -> 995000000 | U33: =Tissues!$D$7 -> 25 | W33: =S33/U33 -> 79600000 | X33: =T33/U33 -> 39800000 | Y33: Data was scaraced. We combined two studies using regressionm. see detailed tab\
A34: Marušić et al. 1988, Weerkamp et al. 2005, Westerman & Pabst 1992 | B34: B cells | C34: Thymus | F34: human | H34: Immunohistochemistry, cell suspension, flow cytometry | M34: 0.005 | O34: =Lymph_subgroups_and_details!$C$118 -> 2000000000 | P34: =Lymph_subgroups_and_details!$D$118 -> 1000000000 | S34: =O34*M34 -> 10000000 | T34: =M34*P34 -> 5000000 | U34: =Tissues!$D$7 -> 25 | W34: =S34/U34 -> 400000 | X34: =T34/U34 -> 200000 | Y34: Data was scaraced. We combined two studies using regressionm. see detailed tab\
A35: Curry et al. 2000 | B35: Lymphocytes | C35: Liver | F35: human | H35: biopsy for lymphocyte isolation | W35: 10000000 | X35: 6000000 | Y35: biopsy mass range 110-345 mg, lymph number range 2.5-6\ x10^6
A36: Five studies | B36: T cells | C36: Liver | F36: human | H36: Flow cytometry, immunohistochemical | M36: =Lymph_subgroups_and_details!H133 -> 0.50381159 | N36: =Lymph_subgroups_and_details!I133 -> 0.098889821 | Y36: see details in the subgroup and details tab (density of spleenic cells according to Wang * 75% lymphocyte portion)
A37: Five studies | B37: B cells | C37: Liver | F37: human | H37: Flow cytometry, immunohistochemical | M37: =Lymph_subgroups_and_details!H134 -> 0.11851361 | N37: =Lymph_subgroups_and_details!I134 -> 0.035559296 | Y37: see details in the subgroup and details tab (density of spleenic cells according to Wang * 75% lymphocyte portion)
A38: Five studies | B38: NK cells | C38: Liver | F38: human | H38: Flow cytometry, immunohistochemical | M38: =Lymph_subgroups_and_details!H135 -> 0.3776748 | N38: =Lymph_subgroups_and_details!I135 -> 0.13352124 | Y38: see details in the subgroup and details tab (density of spleenic cells according to Wang * 75% lymphocyte portion)
A39: Purwar et al. 2011 | B39: T cells | C39: Lungs | F39: human | H39: Histology | I39: =500*500 -> 250000 | J39: 12 | W39: =9400*1000 -> 9400000 | X39: =200*1000 -> 200000 | Y39: study gives values in mm^3
A40: Carpenter et al. 2017 & Purwar et al. 2011 | B40: B cells | C40: Lungs | F40: human | H40: Flow cytometry | M40: =1/Lymph_subgroups_and_details!C139 -> 0.12675665 | N40: =Lymph_subgroups_and_details!D139/Lymph_subgroups_and_details!C139*M40 -> 0.025089215 | Q40: =W39 -> 9400000 | R40: =X39 -> 200000 | W40: =Q40*M40 -> 1191512.5 | X40: =sqrt(sumsq(M40*R40,N40*Q40)) -> 237197.27 | Y40: from T:B ratios
A41: Dogra et al. 2020 & Purwar et al. 2011 | B41: NK cells | C41: Lungs | F41: human | H41: Flow cytometry | M41: =Lymph_subgroups_and_details!C143 -> 0.14178241 | N41: =Lymph_subgroups_and_details!D143 -> 0.072916667 | Q41: =Q40+W40/(1-M41) -> 10788357 | R41: =sqrt(sumsq(R40,X40)) -> 310262.06 | W41: =Q41*M41 -> 1529599.2 | X41: =sqrt(sumsq(M41*R41,N41*Q41)) -> 787880.04 | Y41: NK out of all lymphocytes
A42: Travaglini et al. 2020 | B42: Plasma cells | C42: Lungs | F42: human | H42: Histology | Q42: =2*10^9 -> 2000000000 | R42: =0.3*Q42 -> 600000000 | U42: =Tissues!D20 -> 540 | W42: =Q42/U42 -> 3703703.7 | X42: =R42/U42 -> 1111111.1 | Y42: based on Banat et al. 2015, assumed uncertainty is ~30%
A43: Clark et al. 2006 | B43: T cells | C43: Skin | F43: human | H43: Flow cytometry | I43: =10^8 -> 100000000 | J43: =AVERAGE(1.04,1.18)*10^6 -> 1110000 | K43: 140000 | Q43: =1.9*10^4*J43 -> 21090000000 | R43: =sqrt(sumsq(1.9*10^4*K43, 0.1*10^4*J43)) -> 2882308103 | U43: =sum(Tissues!$D$25:$D$26) -> 2600 | W43: =Q43/U43 -> 8111538.5 | X43: =R43/U43 -> 1108580 | Y43: averaged over sun exposed and not sun exposed
A44: Westerman and Pabst 1992 & Clark et al. 2006 | B44: B cells | C44: Skin | F44: human | H44: Flow cytometry | M44: =0.025/0.975 -> 0.025641026 | N44: 0.01 | Q44: =W43 -> 8111538.5 | R44: =X43 -> 1108580 | U44: =sum(Tissues!$D$25:$D$26) -> 2600 | W44: =Q44*M44 -> 207988.17 | X44: =sqrt(sumsq(N44*Q44,R44*M44)) -> 85951.693 | Y44: based on >95% lymphocytes are T cells in the skin
A45: Wilson et al. 2019 | B45: Plasma cells | C45: Skin | E45: whole skin | F45: human | G45: keloidalis skin | H45: FACS | M45: =2*10^-4 -> 0.0002 | N45: =M45*50% -> 0.0001 | O45: =1.3*10^11 + 1*10^8*0.01*18500 + 3*10^6*0.09*18500 -> 153495000000 | P45: =sqrt(sumsq(39000000000, 10^10)) -> 40261644278 | S45: =M45*O45 -> 30699000 | T45: =S45*sqrt(sumsq(N45/M45,P45/O45)) -> 17333411 | U45: =2500 -> 2500 | W45: =S45/U45 -> 12279.6 | X45: =sqrt(sumsq(V45/U45,T45/S45))*W45 -> 6933.3646 | Y45: reference are nucleated cells of the skin, the original values are lognormal with a geometrical
A46: Cerf-Benasuss & Guy-Grand + Crowe & Marsh | B46: T cells | C46: SI | D46: Epithelium | F46: human | H46: Histology | M46: =average(0.13,0.2)/2 -> 0.0825 | N46: =average(0.03,0.02)/2 -> 0.0125 | O46: 120000000000 | P46: 1.979899e+10 | S46: =M46*O46 -> 9900000000 | T46: =sqrt(sumsq(N46*O46,P46*M46)) -> 2217667694 | U46: =GIT_dimensions!V9*GIT_dimensions!$B$17 -> 165.20591 | V46: =GIT_dimensions!W9*GIT_dimensions!$B$17 -> 23.37902 | W46: =S46/U46 -> 59925218 | X46: =sqrt(sumsq(V46/U46,T46/S46))*W46 -> 15877966 | Y46: using the ratio of epithelial to T cells from the first paper + a factor 2 due to overestiamtion based on the second. Epithelial cells were taken from Sender & Milo 2021
A47: Cerf-Benasuss & Guy-Grand + Crowe & Marsh | B47: T cells | C47: Colon | D47: Epithelium | F47: human | H47: Histology | M47: =0.05/2 -> 0.025 | N47: =0.01/2 -> 0.005 | O47: 60000000000 | P47: 20000000000 | S47: =M47*O47 -> 1500000000 | T47: =sqrt(sumsq(N47*O47,P47*M47)) -> 5.8309519e+08 | U47: =GIT_dimensions!V10*GIT_dimensions!$B$17 -> 75.072926 | V47: =GIT_dimensions!W10*GIT_dimensions!$B$17 -> 16.419666 | W47: =S47/U47 -> 19980572 | X47: =sqrt(sumsq(V47/U47,T47/S47))*W47 -> 8912049.5 | Y47: using the ratio of epithelial to T cells from the first paper + a factor 2 due to overestiamtion based on the second. Epithelial cells were taken from Sender & Milo 2021
A48: Preza et al. 2015 | B48: T cells | C48: Colon | D48: LP | F48: human | H48: Immunohistochemistry | W48: =average(5,5)*10^7 -> 50000000 | X48: =sqrt(sumsq(stdev(5,5), average(0.9,1)))*10^7 -> 9500000 | Y48: average over colon and rectum. densities are given per mm^3 converted to per g
A49: Preza et al. 2015 | B49: T cells | C49: Colon | D49: Lymphocyte aggregate | F49: human | H49: Immunohistochemistry | W49: =10^8 -> 100000000 | X49: =average(2,3)*10^7 -> 25000000 | Y49: average over colon and rectum. densities are given per mm^3 converted to per g
A50: Ensary et al. 1993 | B50: T cells | C50: Colon | D50: Epithelium | F50: human | H50: computer assisted morphometric analysis & immunohistochemistry | I50: 10000 | J50: =2.68*10^6/I50 -> 268 | K50: 37.382599 | L50: 3.1347885 | W50: =K50/($J50*$I50) * 10^12/GIT_dimensions!$B$17 -> 13412241 | X50: =L50/($J50*$I50) * 10^12/GIT_dimensions!$B$17 -> 1124708.9 | Y50: measured for rectal mucosa
A51: Ensary et al. 1993 | B51: T cells | C51: Colon | D51: LP | F51: human | H51: computer assisted morphometric analysis & immunohistochemistry | I51: 10000 | J51: =2.1*10^6/I51 -> 210 | K51: 93.92475 | L51: 7.837954 | W51: =K51/($J51*$I51) * 10^12/GIT_dimensions!$B$17 -> 43005838 | X51: =L51/($J51*$I51) * 10^12/GIT_dimensions!$B$17 -> 3588806.8 | Y51: measured for rectal mucosa
A52: Ensary et al. 1993 | B52: Plasma cells | C52: Colon | D52: LP | F52: human | H52: computer assisted morphometric analysis & immunohistochemistry | I52: 10000 | J52: =2.1*10^6/I52 -> 210 | K52: 330 | L52: 30 | W52: =K52/($J52*$I52) * 10^12/GIT_dimensions!$B$17 -> 1.510989e+08 | X52: =L52/($J52*$I52) * 10^12/GIT_dimensions!$B$17 -> 13736264 | Y52: measured for rectal mucosa
A53: Dillon et al. 2019 | B53: T cells | C53: SI | D53: LP | F53: human | G53: young adults | H53: Flow cytometry | W53: 9879922 | X53: 1722364.4 | Y53: assumed similar cd4+ to cd8+ as in colon for it both were measured
A54: Dillon et al. 2019 | B54: T cells | C54: Colon | D54: LP | F54: human | G54: young adults | H54: Flow cytometry | W54: 2575013.3 | X54: 737466.49 | Y54: sum of cd4+ and cd8+
A55: Brandtzaeg and Baklien 1976 | B55: Ig+ cells | C55: SI | D55: LP | F55: human | H55: Ig staining | I55: 3000 | J55: =AVERAGE(765,690) -> 727.5 | K55: =average(45,128) -> 86.5 | L55: =sqrt(sumsq(stdev(128,45), average(38,15))) -> 64.395264 | W55: =K55/($J55*$I55) * 10^12/GIT_dimensions!$B$17 -> 38109084 | X55: =L55/($J55*$I55) * 10^12/GIT_dimensions!$B$17 -> 28370457 | Y55: averging over ilum and jejunum values
A56: Brandtzaeg and Baklien 1976 | B56: Ig+ cells | C56: Colon | D56: LP | F56: human | H56: Ig staining | I56: 3000 | J56: 500 | K56: 143 | L56: 58 | W56: =K56/($J56*$I56) * 10^12/GIT_dimensions!$B$17 -> 91666667 | X56: =L56/($J56*$I56) * 10^12/GIT_dimensions!$B$17 -> 37179487
A57: MacDonald et al. 1987 | B57: T cells | C57: SI | D57: Peyer's Patch | F57: human | G57: in children (with GIT problems) | H57: isolation + immunocytochemistry | M57: =43.4%/(sum(43.4%,37%,1%)) -> 0.53316953 | N57: =3.6% /sum(43.4%,37%,1%) -> 0.044226044 | Q57: 170000000 | R57: 21000000 | W57: =Q57*M57 -> 90638821 | X57: =sqrt(sumsq(M57*R57,N57*Q57)) -> 13486649 | Y57: Proportion were normalized to 1 because density is give for total lymphocytes
A58: MacDonald et al. 1987 | B58: B cells | C58: SI | D58: Peyer's Patch | F58: human | G58: in children (with GIT problems) | H58: isolation + immunocytochemistry | M58: =37%/(sum(43.4%,37%,1%)) -> 0.45454545 | N58: =5.3% /sum(43.4%,37%,1%) -> 0.065110565 | Q58: 170000000 | R58: 21000000 | W58: =Q58*M58 -> 77272727 | X58: =sqrt(sumsq(M58*R58,N58*Q58)) -> 14616222 | Y58: Proportion were normalized to 1 because density is give for total lymphocytes
A59: MacDonald et al. 1987 | B59: Ig+ cells | C59: SI | D59: Peyer's Patch | F59: human | G59: in children (with GIT problems) | H59: isolation + immunocytochemistry | M59: =1%/(sum(43.4%,37%,1%)) -> 0.012285012 | N59: =0.5%/sum(43.4%,37%,1%) -> 0.0061425061 | Q59: 170000000 | R59: 21000000 | W59: =Q59*M59 -> 2088452.1 | X59: =sqrt(sumsq(M59*R59,N59*Q59)) -> 1075622.8 | Y59: Proportion were normalized to 1 because density is give for total lymphocytes
A60: MacDonald et al. 1987 | B60: T cells | C60: Colon | D60: LP | F60: human | G60: in children (with GIT problems) | H60: isolation + immunocytochemistry | M60: =40%/(sum(40%,28%,27%)) -> 0.42105263 | N60: =4%/(sum(40%,28%,27%)) -> 0.042105263 | Q60: 85000000 | R60: 10000000 | W60: =Q60*M60 -> 35789474 | X60: =sqrt(sumsq(M60*R60,N60*Q60)) -> 5526065.2 | Y60: Proportion were normalized to 1 because density is give for total lymphocytes
A61: MacDonald et al. 1987 | B61: B cells | C61: Colon | D61: LP | F61: human | G61: in children (with GIT problems) | H61: isolation + immunocytochemistry | M61: =28%/(sum(40%,28%,27%)) -> 0.29473684 | N61: =7%/(sum(40%,28%,27%)) -> 0.073684211 | Q61: 85000000 | R61: 10000000 | W61: =Q61*M61 -> 25052632 | X61: =sqrt(sumsq(M61*R61,N61*Q61)) -> 6922003.1 | Y61: Proportion were normalized to 1 because density is give for total lymphocytes
A62: MacDonald et al. 1987 | B62: Ig+ cells | C62: Colon | D62: LP | F62: human | G62: in children (with GIT problems) | H62: isolation + immunocytochemistry | M62: =27%/(sum(40%,28%,27%)) -> 0.28421053 | N62: =3%/(sum(40%,28%,27%)) -> 0.031578947 | Q62: 85000000 | R62: 10000000 | W62: =Q62*M62 -> 24157895 | X62: =sqrt(sumsq(M62*R62,N62*Q62)) -> 3909290 | Y62: Proportion were normalized to 1 because density is give for total lymphocytes
A63: Bartnik et al. 1980 | B63: T cells | C63: Colon | D63: LP | F63: human | H63: isolation | M63: 0.52 | N63: 0.02 | O63: =(74%+6%)*4*10^7/30*2260 -> 2410666667 | P63: =(10/30)*O63 -> 8.0355556e+08 | S63: =M63*O63 -> 1253546667 | T63: =S63*sqrt(sumsq(N63/M63,P63/O63)) -> 4.2062123e+08 | U63: =GIT_dimensions!$X$6 -> 50.571474 | V63: =GIT_dimensions!$Y$6 -> 12.367142 | W63: =S63/GIT_dimensions!$B$17/U63 -> 23834254 | X63: =sqrt(sumsq(V63/U63,T63/S63))*W63 -> 9896067.7
A64: Bartnik et al. 1980 | B64: B cells | C64: Colon | D64: LP | F64: human | H64: isolation | M64: 0.26 | N64: 0.01 | O64: =(74%+6%)*4*10^7/30*2260 -> 2410666667 | P64: =(10/30)*O64 -> 8.0355556e+08 | S64: =M64*O64 -> 6.2677333e+08 | T64: =sqrt(sumsq(N64*O64,P64*M64)) -> 2.1031062e+08 | U64: =GIT_dimensions!$X$6 -> 50.571474 | V64: =GIT_dimensions!$Y$6 -> 12.367142 | W64: =S64/GIT_dimensions!$B$17/U64 -> 11917127 | X64: =sqrt(sumsq(V64/U64,T64/S64))*W64 -> 4948033.8 | Y64: "null" lymphocytes, without Ig or CD3+ assumed to be B cells
A65: Apostoaei and Trabalka 2012, MacDonald 2008, Lie 2020 + MacDonald 1987 | B65: T cells | C65: SI | D65: LP | F65: human | H65: caclualtion of follicels lymphocytes | M65: =M57/sum($M$57:$M$58) -> 0.539801 | N65: 0.05 | O65: =Lymph_subgroups_and_details!C164 -> 12866531382 | P65: =Lymph_subgroups_and_details!D164 -> 9953949228 | S65: =M65*O65 -> 6945366443 | T65: =sqrt(sumsq(N65*O65,P65*M65)) -> 5411527348 | U65: =GIT_dimensions!X$9 -> 128.7938 | V65: =GIT_dimensions!Y$9 -> 17.860747 | W65: =S65/GIT_dimensions!$B$17/U65 -> 51852161 | X65: =sqrt(sumsq(V65/U65,T65/S65))*W65 -> 41035872 | Y65: calculated the number of lymphocytes in aggregates and assumed theire relation based on MacDonald 1987. See details in the relevant tab
A66: Apostoaei and Trabalka 2012, MacDonald 2008, Lie 2020 + MacDonald 1987 | B66: B cells | C66: SI | D66: LP | F66: human | H66: caclualtion of follicels lymphocytes | M66: =M58/sum($M$57:$M$58) -> 0.460199 | N66: 0.05 | O66: =Lymph_subgroups_and_details!C164 -> 12866531382 | P66: =Lymph_subgroups_and_details!D164 -> 9953949228 | S66: =M66*O66 -> 5921164940 | T66: =sqrt(sumsq(N66*O66,P66*M66)) -> 4625751300 | U66: =GIT_dimensions!X$9 -> 128.7938 | V66: =GIT_dimensions!Y$9 -> 17.860747 | W66: =S66/GIT_dimensions!$B$17/U66 -> 44205759 | X66: =sqrt(sumsq(V66/U66,T66/S66))*W66 -> 35074449 | Y66: calculated the number of lymphocytes in aggregates and assumed theire relation based on MacDonald 1987. See details in the relevant tab
A67: Apostoaei and Trabalka 2012, MacDonald 2008, Lie 2020 + MacDonald 1987 | B67: T cells | C67: Colon | D67: LP | F67: human | H67: caclualtion of follicels lymphocytes | M67: =M65 -> 0.539801 | N67: =N65 -> 0.05 | O67: =Lymph_subgroups_and_details!C165 -> 6411917905 | P67: =Lymph_subgroups_and_details!D165 -> 4795571854 | S67: =M67*O67 -> 3461159665 | T67: =sqrt(sumsq(N67*O67,P67*M67)) -> 2608431259 | U67: =GIT_dimensions!X$10 -> 57.287382 | V67: =GIT_dimensions!Y$10 -> 12.442782 | W67: =S67/GIT_dimensions!$B$17/U67 -> 58093738 | X67: =sqrt(sumsq(V67/U67,T67/S67))*W67 -> 45563147 | Y67: calculated the number of lymphocytes in aggregates and assumed theire relation based on MacDonald 1987. See details in the relevant tab
A68: Apostoaei and Trabalka 2012, MacDonald 2008, Lie 2020 + MacDonald 1987 | B68: B cells | C68: Colon | D68: LP | F68: human | H68: caclualtion of follicels lymphocytes | M68: =M66 -> 0.460199 | N68: =N66 -> 0.05 | O68: =Lymph_subgroups_and_details!C165 -> 6411917905 | P68: =Lymph_subgroups_and_details!D165 -> 4795571854 | S68: =M68*O68 -> 2950758240 | T68: =sqrt(sumsq(N68*O68,P68*M68)) -> 2230082088 | U68: =GIT_dimensions!X$10 -> 57.287382 | V68: =GIT_dimensions!Y$10 -> 12.442782 | W68: =S68/GIT_dimensions!$B$17/U68 -> 49526919 | X68: =sqrt(sumsq(V68/U68,T68/S68))*W68 -> 38945844 | Y68: calculated the number of lymphocytes in aggregates and assumed theire relation based on MacDonald 1987. See details in the relevant tab
A69: Apostoaei and Trabalka 2012, MacDonald 2008, Lie 2020 + MacDonald 1987 | B69: T cells | C69: SI | D69: Peyer's Patch | F69: human | H69: caclualtion of follicels lymphocytes | M69: =M67 -> 0.539801 | N69: =N67 -> 0.05 | O69: =Lymph_subgroups_and_details!C166 -> 1911985144 | P69: =Lymph_subgroups_and_details!D166 -> 1454587138 | S69: =M69*O69 -> 1032091483 | T69: =sqrt(sumsq(N69*O69,P69*M69)) -> 7.9098594e+08 | U69: =GIT_dimensions!$B$16/GIT_dimensions!$B$17 -> 19.230769 | W69: =S69/GIT_dimensions!$B$17/U69 -> 51604574 | X69: =sqrt(sumsq(V69/U69,T69/S69))*W69 -> 39549297 | Y69: calculated the number of lymphocytes in aggregates and assumed theire relation based on MacDonald 1987. See details in the relevant tab
A70: Apostoaei and Trabalka 2012, MacDonald 2008, Lie 2020 + MacDonald 1987 | B70: B cells | C70: SI | D70: Peyer's Patch | F70: human | H70: caclualtion of follicels lymphocytes | M70: =M68 -> 0.460199 | N70: =N68 -> 0.05 | O70: =Lymph_subgroups_and_details!C166 -> 1911985144 | P70: =Lymph_subgroups_and_details!D166 -> 1454587138 | S70: =M70*O70 -> 8.7989366e+08 | T70: =sqrt(sumsq(N70*O70,P70*M70)) -> 6.7619153e+08 | U70: =GIT_dimensions!$B$16/GIT_dimensions!$B$17 -> 19.230769 | W70: =S70/GIT_dimensions!$B$17/U70 -> 43994683 | X70: =sqrt(sumsq(V70/U70,T70/S70))*W70 -> 33809576 | Y70: calculated the number of lymphocytes in aggregates and assumed theire relation based on MacDonald 1987. See details in the relevant tab
A71: Magri et al. 2017 | B71: Plasma cells | C71: SI | D71: LP | F71: human | H71: Immunofluorescence Analysis | I71: =10^6 -> 1000000 | J71: 3 | K71: =860/0.74 -> 1162.1622 | L71: =135/0.74 -> 182.43243 | W71: =10^12*K71/(J71+8)/I71/GIT_dimensions!$B$17 -> 1.015876e+08 | X71: =L71/K71*W71 -> 15946891 | Y71: estimated from IgA plasma cells being 74% of the population
A72: Magri et al. 2017 | B72: Ig+ B cells | C72: SI | D72: LP | F72: human | H72: Immunofluorescence Analysis | I72: =10^6 -> 1000000 | J72: 3 | K72: =8/36% -> 22.222222 | L72: =3/36% -> 8.3333333 | W72: =10^12*K72/(J72+8)/I72/GIT_dimensions!$B$17 -> 1942501.9 | X72: =L72/K72*W72 -> 728438.23 | Y72: estimated from B cells Iglambda+ being 36% of the population
A73: Magri et al. 2017 | B73: Ig+ B cells | C73: SI | D73: Lymphocyte aggregate | F73: human | H73: Immunofluorescence Analysis | I73: =10^6 -> 1000000 | J73: 3 | K73: =(233+135)/36% -> 1022.2222 | L73: =sqrt(sumsq(46,30))/36% -> 152.55034 | W73: =10^12*K73/(J73+8)/I73/GIT_dimensions!$B$17 -> 89355089 | X73: =L73/K73*W73 -> 13334820 | Y73: estimated from B cells Iglambda+ being 36% of the population
A74: Nair et al. 2015 | B74: Ig+ B cells | C74: SI | D74: LP | F74: human | H74: Flow Cytometery | M74: =Lymph_subgroups_and_details!$C$182 -> 0.29453995 | N74: =Lymph_subgroups_and_details!$D$182 -> 0.14726998 | Q74: =GEOMEAN(W55,W71) -> 62220660 | R74: =average(W71-Q74,Q74-W55) -> 31739259 | W74: =Q74*M74 -> 18326470 | X74: =sqrt(sumsq(M74*R74,N74*Q74)) -> 13090414 | Y74: based on the fraction of Ig+ B cells out of all antibody secreting cells
A75: Dogra | B75: NK cells | C75: SI | F75: human | H75: Flow cytometry | M75: 0.02 | N75: 0.01 | U75: =GIT_dimensions!R9 -> 592.80832 | V75: =GIT_dimensions!S9 -> 129.22375 | Y75: tp be calculated based on the total population of the SI or colon
A76: Dogra | B76: NK cells | C76: Colon | F76: human | H76: Flow cytometry | M76: 0.02 | N76: 0.01 | U76: =GIT_dimensions!R10 -> 379.36381 | V76: =GIT_dimensions!S10 -> 93.148912 | Y76: tp be calculated based on the total population of the SI or colon
A77: Engeset et al. 1973 + Westerman & Pabst 1992 | B77: T cells | C77: Lymph vessels | F77: human | H77: Cannulation + cell count | M77: =AVERAGE(75%,85%) -> 0.8 | N77: 0.05 | Q77: =179 * 1000 -> 179000 | R77: =48.5 * 1000 -> 48500 | W77: =Q77*M77 -> 143200 | X77: =sqrt(sumsq(M77*R77,N77*Q77)) -> 39818.871 | Y77: subpopulations according to Westerman and Pabst 1992 (averaged on Afferent abd Efferent)
A78: Engeset et al. 1973 + Westerman & Pabst 1992 | B78: B cells | C78: Lymph vessels | F78: human | H78: Cannulation + cell count | M78: =AVERAGE(5%,10%) -> 0.075 | N78: 0.03 | Q78: =179 * 1000 -> 179000 | R78: =48.5 * 1000 -> 48500 | W78: =Q78*M78 -> 13425 | X78: =sqrt(sumsq(M78*R78,N78*Q78)) -> 6486.0085 | Y78: subpopulations according to Westerman and Pabst 1992 (averaged on Afferent abd Efferent)
A79: Engeset et al. 1973 + Westerman & Pabst 1992 | B79: NK cells | C79: Lymph vessels | F79: human | H79: Cannulation + cell count | M79: 0.05 | N79: 0.03 | Q79: =179 * 1000 -> 179000 | R79: =48.5 * 1000 -> 48500 | W79: =Q79*M79 -> 8950 | X79: =sqrt(sumsq(M79*R79,N79*Q79)) -> 5892.1579 | Y79: subpopulations according to Westerman and Pabst 1992 (averaged on Afferent abd Efferent)
A80: Engeset et al. 1974 + Westerman & Pabst 1992 | B80: T cells | C80: Lymph vessels | F80: human | H80: Cannulation + cell count | M80: =AVERAGE(75%,85%) -> 0.8 | N80: 0.05 | Q80: =163*1000 -> 163000 | R80: =53*1000 -> 53000 | W80: =Q80*M80 -> 130400 | X80: =sqrt(sumsq(M80*R80,N80*Q80)) -> 43176.18 | Y80: subpopulations according to Westerman and Pabst 1992 (averaged on Afferent abd Efferent)
A81: Engeset et al. 1974 + Westerman & Pabst 1992 | B81: B cells | C81: Lymph vessels | F81: human | H81: Cannulation + cell count | M81: =AVERAGE(5%,10%) -> 0.075 | N81: 0.03 | Q81: =163*1000 -> 163000 | R81: =53*1000 -> 53000 | W81: =Q81*M81 -> 12225 | X81: =sqrt(sumsq(M81*R81,N81*Q81)) -> 6301.8033 | Y81: subpopulations according to Westerman and Pabst 1992 (averaged on Afferent abd Efferent)
A82: Engeset et al. 1974 + Westerman & Pabst 1992 | B82: NK cells | C82: Lymph vessels | F82: human | H82: Cannulation + cell count | M82: 0.05 | N82: 0.03 | Q82: =163*1000 -> 163000 | R82: =53*1000 -> 53000 | W82: =Q82*M82 -> 8150 | X82: =sqrt(sumsq(M82*R82,N82*Q82)) -> 5561.8882 | Y82: subpopulations according to Westerman and Pabst 1992 (averaged on Afferent abd Efferent)
A83: Tauer et al. 2022 | B83: Lymphocytes | C83: Adipose tissue | F83: human | H83: Isolation of SVF cells ->Flow cytometry, | M83: 0.174 | N83: 0.02 | Q83: =4.6*10^5 -> 460000 | R83: =1.7*10^5/sqrt(3) -> 98149.546 | W83: =Q83*M83 -> 80040 | X83: =sqrt(sumsq(M83*R83,N83*Q83)) -> 19398.423 | Y83: taken the svf cells as anchor. assumed hematopoietic, non macro/mono cells are lymphs
A84: Dykstra et al. 2020 + Laparra et al. 2019 | B84: Lymphocytes | C84: Adipose tissue | F84: human | H84: Isolation of SVF cells ->Flow cytometry, | M84: 0.26 | N84: 0.09 | Q84: 560000 | R84: 50000 | W84: =Q84*M84 -> 145600 | X84: =sqrt(sumsq(M84*R84,N84*Q84)) -> 52049.592 | Y84: taken the svf cells as anchor. Used the cd45+ fraction and lymphocyte fraction from Laparra
A85: Laparra et al. 2019 | B85: T cells | C85: Adipose tissue | F85: human | H85: FACS | M85: 0.89 | N85: 0.21 | Y85: to be calculated from the total lymphocytes density
A86: Laparra et al. 2019 | B86: B cells | C86: Adipose tissue | F86: human | H86: FACS | M86: 0.01 | N86: 0.007 | Y86: to be calculated from the total lymphocytes density
A87: Laparra et al. 2019 | B87: NK cells | C87: Adipose tissue | F87: human | H87: FACS | M87: 0.06 | N87: 0.016 | Y87: to be calculated from the total lymphocytes density
A88: Palming et al. 2006 | B88: Plasma cells | C88: Adipose tissue | F88: human | H88: Immunohistochemistry | M88: 0.08 | N88: 0.04 | Q88: =AVERAGE(Q83:Q84) -> 510000 | R88: =sqrt(sumsq(stdev(Q83:Q84), average(R83:R84))) -> 102406.41 | W88: =Q88*M88 -> 40800 | X88: =sqrt(sumsq(M88*R88,N88*Q88)) -> 21983.568 | Y88: anchor are svf cells
A89: Singh et al. 2019 | B89: T cells | C89: Kidneys | D89: Renal Cortex | F89: human | G89: tumor-remote regions | H89: Multiplex | I89: =10^6 -> 1000000 | J89: 0 | K89: =3500*0.012 -> 42 | L89: =200/3500*K89 -> 2.4 | W89: =K89/$I89/($J89+8)*10^12 -> 5250000 | X89: =L89/$I89/($J89+8)*10^12 -> 300000 | Y89: assumed multiplex width is negligable
A90: Singh et al. 2019 | B90: B cells | C90: Kidneys | D90: Renal Cortex | F90: human | G90: tumor-remote regions | H90: Multiplex | I90: =10^6 -> 1000000 | J90: 0 | K90: =3500*0.014 -> 49 | L90: =200/3500*K90 -> 2.8 | W90: =K90/$I90/($J90+8)*10^12 -> 6125000 | X90: =L90/$I90/($J90+8)*10^12 -> 350000 | Y90: assumed multiplex width is negligable
A91: Singh et al. 2019 | B91: T cells | C91: Kidneys | D91: Medulla | F91: human | G91: tumor-remote regions | H91: Multiplex | I91: =10^6 -> 1000000 | J91: 0 | K91: =3500*0.013 -> 45.5 | L91: =200/3500*K91 -> 2.6 | W91: =K91/$I91/($J91+8)*10^12 -> 5687500 | X91: =L91/$I91/($J91+8)*10^12 -> 325000 | Y91: assumed multiplex width is negligable
A92: Singh et al. 2019 | B92: B cells | C92: Kidneys | D92: Medulla | F92: human | G92: tumor-remote regions | H92: Multiplex | I92: =10^6 -> 1000000 | J92: 0 | K92: =3500*0.002 -> 7 | L92: =200/3500*K92 -> 0.4 | W92: =K92/$I92/($J92+8)*10^12 -> 875000 | X92: =L92/$I92/($J92+8)*10^12 -> 50000 | Y92: assumed multiplex width is negligable
A93: Schmidt et al. 1993 | B93: T cells | C93: Skeletal Muscles | E93: adbominal | F93: human | G93: healthy | H93: histology | I93: =10^6 -> 1000000 | J93: 8 | K93: 4 | L93: =1/sqrt(5) -> 0.4472136 | W93: =K93/$I93/($J93+8)*10^12 -> 250000 | X93: =L93/$I93/($J93+8)*10^12 -> 27950.85 | Y93: taken only the meausrments from skeletal muscles and not the eye muscles
A94: Schmidt et al. 1993 + Liang et al 2015 | B94: B cells | C94: Skeletal Muscles | E94: adbominal | F94: human | G94: healthy | H94: histology + flow cytometry | M94: 0.04 | N94: 0.02 | Q94: =W93 -> 250000 | R94: =X93 -> 27950.85 | W94: =Q94*M94 -> 10000 | X94: =sqrt(sumsq(M94*R94,N94*Q94)) -> 5123.4754 | Y94: based on the fraction of B/NK to T cells in Macaques from Liang
A95: Schmidt et al. 1993 + Liang et al 2015 | B95: NK cells | C95: Skeletal Muscles | E95: adbominal | F95: human | G95: healthy | H95: histology + flow cytometry | M95: 0.1 | N95: 0.05 | Q95: =W93 -> 250000 | R95: =X93 -> 27950.85 | W95: =Q95*M95 -> 25000 | X95: =sqrt(sumsq(M95*R95,N95*Q95)) -> 12808.688 | Y95: based on the fraction of B/NK to T cells in Macaques from Liang
A96: Berry et al. 2021 | B96: T cells | C96: Brain | F96: human | H96: Immunohistology | I96: =10^8 -> 100000000 | J96: 6 | K96: 140 | L96: 18.1 | W96: =K96/$I96/($J96+8)*10^12 -> 100000 | X96: =L96/$I96/($J96+8)*10^12 -> 12928.571 | Y96: measured per cm^2
A97: Berry et al. 2021 | B97: B cells | C97: Brain | F97: human | H97: Immunohistology | I97: =10^8 -> 100000000 | J97: 6 | K97: 14 | L97: 1.7 | W97: =K97/$I97/($J97+8)*10^12 -> 10000 | X97: =L97/$I97/($J97+8)*10^12 -> 1214.2857 | Y97: measured per cm^2
A98: Bergmann et al. 2015 & Pinto et al. 2016 | B98: T cells | C98: Heart | F98: human | H98: Immunohistochemistry | M98: 0.04 | N98: 0.005 | O98: =1.8*10^10*2.8% -> 504000000 | P98: =1.8*10^10*1.2% -> 216000000 | S98: =O98*M98 -> 20160000 | T98: =sqrt(sumsq(N98*O98,P98*M98)) -> 9000000 | U98: =Tissues!$D$47 -> 330 | W98: =S98/U98 -> 61090.909 | X98: =sqrt(sumsq(V98/U98,T98/S98))*W98 -> 27272.727 | Y98: anchor are total Leukocytes
A99: Bergmann et al. 2015 & Pinto et al. 2016 | B99: B cells | C99: Heart | F99: human | H99: Immunohistochemistry | M99: 0.1 | N99: 0.01 | O99: =1.8*10^10*2.8% -> 504000000 | P99: =1.8*10^10*1.2% -> 216000000 | S99: =O99*M99 -> 50400000 | T99: =sqrt(sumsq(N99*O99,P99*M99)) -> 22180207 | U99: =Tissues!$D$47 -> 330 | W99: =S99/U99 -> 152727.27 | X99: =sqrt(sumsq(V99/U99,T99/S99))*W99 -> 67212.75 | Y99: anchor are total Leukocytes

Sheet Lymph_subgroups_and_details
A1: Bone marrow
B3: Rego et al. 1988 (Biopsy) | C3: taken from >15 age group | E3: Thaler et al. 1989 (cryostat sections) | F3: Zhang et al. 2006 ( | H3: Clark et al. 1986 (biopsy)
C4: in lymphoid window | D4: std | F4: nucleated BM | G4: in lymphoid window | H4: sem | J4: Dogra et al. 2020 (FACS) | K4: Dogra IQR range | L4: mean before correction | M4: std | N4: mean
B5: T cells | C5: 0.348 | D5: 0.022135944 | F5: 0.09 | G5: 0.366 | H5: 0.023688077 | I5: 0.22 | L5: =average($C5/sum($C$5:$C$7),$G5/sum($G$5:$G$7),$I5/sum($I$5:$I$7)) -> 0.56725542 | M5: =STDEV($C5/sum($C$5:$C$7),$G5/sum($G$5:$G$7),$I5/sum($I$5:$I$7)) -> 0.094733285 | N5: =(1-$N$7)*L5/sum($L$5:$L$6) -> 0.53986472
B6: B cells | C6: 0.336 | D6: 0.018973666 | F6: 0.015 | G6: 0.253 | H6: 0.047376154 | I6: 0.11 | L6: =average($C6/sum($C$5:$C$7),$G6/sum($G$5:$G$7),$I6/sum($I$5:$I$7)) -> 0.3933185 | M6: =STDEV($C6/sum($C$5:$C$7),$G6/sum($G$5:$G$7),$I6/sum($I$5:$I$7)) -> 0.064498043 | N6: =(1-$N$7)*L6/sum($L$5:$L$6) -> 0.37432658
B7: NK cells | C7: 0.044 | D7: 0.0031622777 | G7: 0.038 | H7: 0.0053033009 | J7: 0.18 | K7: 9%-29% | L7: =average($C7/sum($C$5:$C$7),$G7/sum($G$5:$G$7),$I7/sum($I$5:$I$7)) -> 0.039426074 | M7: =STDEV($C7/sum($C$5:$C$7),$G7/sum($G$5:$G$7),$I7/sum($I$5:$I$7)) -> 0.034168738 | N7: =average(J7,L7, G7) -> 0.085808691
B8: monocytes | C8: 0.049 | D8: 0.0031622777
B9: CD33+/CD34- or CD34+/CD33- | C9: 0.14 | D9: 0.0063245553
C10: x10^9 estimated plasma cells | D10: lower | E10: upper | F10: trepel | G10: plasma/lymph | H10: new_estimate
B11: CD19+ | C11: 0.56397568 | D11: 0.33522604 | E11: 0.72148481 | F11: 50000000000 | G11: =C11*10^9/F11 -> 0.011279514 | H11: =G11*average(Lymphocytes!$T$6:$T$7) -> 1.1208243e+08
B12: CD19- | C12: 0.19988406 | D12: 0.13612947 | E12: 0.35737444 | F12: =F11 -> 50000000000 | G12: =C12*10^9/F12 -> 0.0039976813 | H12: =G12*average(Lymphocytes!$T$6:$T$7) -> 39724215
B13: total | C13: =sum(C11:C12) -> 0.76385974 | E13: {=sqrt(sumsq(E11:E12-C11:C12)) +C13} -> 0.98659803 | F13: =F12 -> 50000000000 | G13: =C13*10^9/F13 -> 0.015277195 | H13: =G13*average(Lymphocytes!$T$6:$T$7) -> 151806645
C14: mean | D14: sem
A15: Brynjolfsson et al. 2017 | B15: % PC out of BMNC | C15: 0.004 | D15: 0.0006
B16: total PC | C16: =C15*average(Lymphocytes!$O$6:$O$7) -> 4025000000 | D16: =sqrt(sumsq(D15*average(Lymphocytes!$O$6:$O$7),stdev(Lymphocytes!$O$6:$O$7)*C15)) -> 1557229611
A18: plasma | C18: mean | D18: sem | E18: method
B19: Steiner and Pearson 1966 | C19: =0.4%*average(Lymphocytes!$O$6:$O$7) -> 4025000000 | D19: =sqrt(sumsq(STDEV(Lymphocytes!$O$6:$O$7)*0.4%,0.03%*average(Lymphocytes!$O$6:$O$7))) -> 1466826000 | E19: morphplogical
B20: Mei et al. 2015 | C20: =H13 -> 151806645 | D20: =sqrt(sumsq((E13-C13)/C13,STDEV(Lymphocytes!$T$6:$T$7)/average(Lymphocytes!$T$6:$T$7)))*C20 -> 188130905 | E20: Flow cytometry
B21: Halliley et al. 2015 | C21: 2000000000 | D21: 950000000 | E21: Flow cytometry
B22: Brynjolfsson et al. 2017 | C22: =C16 -> 4025000000 | D22: =D16 -> 1557229611 | E22: Flow cytometry
B23: Terstappen et al. 1990 | C23: =0.25%*average(Lymphocytes!$O$6:$O$7) -> 2515625000 | D23: =0.02%*average(Lymphocytes!$O$6:$O$7) -> 201250000 | E23: Flow cytometry
B24: mean | C24: =average(C19:C23) -> 2543486329 | D24: =sqrt(sumsq(stdev(C19:C23)/sqrt(3),average(D19:D23))) -> 1276226483
A27: Spleen | B27: older studies | C27: Spleen | D27: cells/g | E27: cells/g sem | F27: lymph % | G27: lymp cells/g | H27: sem | I27: mass [g] | J27: total | M27: Dogra et al. 2020 | N27: median | O27: lower (25%) | P27: upper (75%)
C28: Li ZF et al. 2008 | D28: =G28/F29 -> 2.5522388e+08 | G28: =1.71*10^8 -> 171000000 | I28: 212 | J28: =I28*G28 -> 36252000000 | L28: =J28*0.2*10^-9 -> 7.2504 | M28: NK fraction | N28: 0.085069444 | O28: 0.034027778 | P28: 0.16770833
C29: Buckley et al. 1984 | D29: =(78.5%*1.1 + 1.8*21.5%)*10^8 -> 125050000 | F29: 0.67 | G29: =F29*D29 -> 83783500 | I29: 180 | J29: =I29*G29 -> 15081030000
C30: McMillan et al. 1972 | D30: =5.3*10^8 -> 530000000 | E30: =0.9*10^8 -> 90000000 | I30: 150 | J30: =I30*D30 -> 79500000000
C31: Longmire et al. 1973 | D31: =6.5*10^10/I31 -> 5.6034483e+08 | E31: =0.2*D31 -> 1.1206897e+08 | I31: 116
C32: Levin et al. 1975 | D32: =0.69*10^9 -> 690000000
C33: McMillan et al. 1974 | D33: =3.05/27.9*10^12/150 -> 7.2879331e+08
C34: Aggarwal et al. 2013 | F34: 0.82
D35: =average(D30:D33) -> 6.2728453e+08 | E35: =sqrt(sumsq(STDEV(D30:D33)/sqrt(3), average(E30:E31))) -> 1.1549611e+08 | F35: =AVERAGE(F28:F34) -> 0.745 | G35: =F35*D35 -> 467326978 | H35: =sqrt(sumsq(0.1*D35,E35*F35)) -> 106482546 | I35: 180 | J35: =I35*G35 -> 84118856044
B36: newer study | C36: Wang et al. 2020 | D36: =1.4*10^9 -> 1400000000 | I36: =round(stdev(I28:I30)/sqrt(2),-1) -> 20 | J36: =sqrt(sumsq(I36/I35,H35/G35))*J35 -> 21324311440
B44: Chu et al. 2014
B45: pixels/μm | C45: 2.88 | E45: depth [mu] | F45: 5
C46: heighest densities | D46: region | E46: per 10^-5 pixel area | F46: std | G46: per mu^2 | H46: per mu^3 | I46: per cm^3 | L46: =E47*C45^2/F45 -> 79.62624 | M46: =L46*10^7 -> 796262400
C47: T cells | D47: PALS | E47: 48 | F47: 15 | G47: =E47*$C$45^2/10^5 -> 0.003981312 | H47: =G47/$F$45 -> 0.0007962624 | I47: =H47*10^12 -> 796262400
C48: B cells | D48: MZ + part of RP | E48: 6.8 | F48: 0.8 | G48: =E48*$C$45^2/10^5 -> 0.0005640192 | H48: =G48/$F$45 -> 0.00011280384 | I48: =H48*10^12 -> 112803840 | M48: Gualdron-Lopez 2021 | O48: samples are not ordered
C49: Mac | D49: red pulp | E49: 7.5 | F49: 0.9 | G49: =E49*$C$45^2/10^5 -> 0.00062208 | H49: =G49/$F$45 -> 0.000124416 | I49: =H49*10^12 -> 124416000
M50: % of lymph out of nuceated cells | P50: RBC
F51: =AVERAGE(D52:F52) -> 0.71735537 | O51: sample 1 | P51: 0.56958447
D52: =1 -> 1 | E52: =E58/$D$58 -> 0.61799816 | F52: =F58/$D$58 -> 0.53406795 | G52: =G58/$D$58 -> 0.061065197 | O52: sample 2 | P52: 0.5865448
L53: =20%*180 -> 36 | O53: sample 3 | P53: 0.71970225
D54: 0.06 | E54: 0.06 | F54: 0.06 | G54: =1-sum(D54:F54) -> 0.82 | J54: per FOV | O54: sample 4 | P54: 0.80258174
B55: Li ZF et al. | C55: per FOV | D55: F | E55: MZ | F55: PALS | G55: RP | I55: T cells | J55: =SUMPRODUCT(D56:G56,$D$54:$G$54) -> 41.009 | O55: sample 5 | P55: 0.85572411
C56: T cells | D56: 126.5 | E56: 140.5 | F56: 137 | G56: 20.45 | I56: B cells | J56: =SUMPRODUCT(D57:G57,$D$54:$G$54) -> 56.564 | O56: sample 6 | P56: 0.91263545
C57: B cells | D57: 418 | E57: 196 | F57: 153.8 | G57: 12.8 | I57: sum | J57: =sum(J55:J56) -> 97.573 | O57: average | P57: 0.75629888
C58: all | D58: =sum(D56:D57) -> 544.5 | E58: =sum(E56:E57) -> 336.5 | F58: =sum(F56:F57) -> 290.8 | G58: =sum(G56:G57) -> 33.25 | O58: std | P58: =stdev(P51:P56) -> 0.14149618
I59: per g | J59: =D36*F35 -> 1043000000 | K59: =G35 -> 467326978 | O59: sem | P59: =P58/sqrt(5) -> 0.063279015
C61: T cells | D61: =D56*$J$59/$J$57 -> 1352213215 | E61: =E56*$J$59/$J$57 -> 1501865270 | F61: =F56*$J$59/$J$57 -> 1464452256 | G61: =G56*$J$59/$J$57 -> 2.185989e+08 | I61: =SUMproduct(D61:G61,$D$54:$G$54) -> 4.3836294e+08 | J61: =I61/$J$59 -> 0.42029045
C62: B cells | D62: =D57*$J$59/$J$57 -> 4468182796 | E62: =E57*$J$59/$J$57 -> 2095128775 | F62: =F57*$J$59/$J$57 -> 1644034723 | G62: =G57*$J$59/$J$57 -> 1.3682474e+08 | I62: =SUMproduct(D62:G62,$D$54:$G$54) -> 6.0463706e+08 | J62: =I62/$J$59 -> 0.57970955
D63: =sum(D61:D62) -> 5820396011 | E63: =E58*$J$59/$J$57 -> 3596994045 | F63: =F58*$J$59/$J$57 -> 3108486979 | G63: =G58*$J$59/$J$57 -> 3.5542363e+08
F64: =SUMPRODUCT(D63:F63,D54:F54)/sum(D54:F54) -> 4175292345 | I64: local density | J64: =SUMPRODUCT(D63:F63,D54:F54)/sum(D54:F54) -> 4175292345 | K64: =J64*K59/J59 -> 1870783082
I65: local mass | J65: =round(sum(D54:F54)*I29,-1) -> 30 | K65: =J65 -> 30
C66: WP fraction | D66: source | E66: median | F66: IQR (25%-75%) | I66: local number | J66: =J64*J65 -> 125258770357 | K66: =K64*K65 -> 56123492446
D67: Buckley et al. 1984 | E67: 0.215 | F67: 0.18 | G67: 0.25 | I67: local mass | J67: =J66*0.2*10^-9 -> 25.051754 | K67: =K66*0.2*10^-9 -> 11.224698
D68: Van Kriejeb et al. 1983 | E68: 0.15 | F68: 0.1 | G68: 0.2
D70: WP fraction | E70: WP lymp/g | F70: RP lymp/g | G70: total lymp/g | H70: assumed weight
C71: upper bound | D71: 0.25 | E71: =2*10^9 -> 2000000000 | F71: =1*10^8 -> 100000000 | G71: =D71*E71+(1-D71)*F71 -> 575000000 | H71: 180 | I71: =H71*G71 -> 103500000000 | K71: between Trepel and the measured in rats/pigs/guinee pigs
C72: lower bound | D72: 0.15 | E72: =0.5*10^9 -> 500000000 | F72: =0.3*10^8 -> 30000000 | G72: =D72*E72+(1-D72)*F72 -> 100500000 | H72: 120 | I72: =H72*G72 -> 12060000000 | K72: SD of down from the mean of the two estimates
D74: =sum(D61:D62) -> 5820396011 | E74: =sum(E61:E62) -> 3596994045 | F74: =sum(F61:F62) -> 3108486979 | G74: =sum(G61:G62) -> 3.5542363e+08 | I74: =SUMproduct(D74:G74,$C$108:$F$108) -> 1.41315e+18
C75: Turesson 1976 | D75: out of spleen cells | E75: sem | F75: out of lymphocytes | G75: total | H75: sem
C76: plasma cells | D76: 0.0044 | E76: =0.08% -> 0.0008 | F76: =D76/F35 -> 0.0059060403 | G76: =F76*J35 -> 4.9680935e+08 | H76: =sqrt(sumsq(E76/D76*G76,J36*F76)) -> 1.5498636e+08
E77: x10^9 estimated plasma cells | F77: lower | G77: upper | H77: trepel | I77: plasma/lymph | J77: new estimate
B78: Mei et al. 2015 | C78: spleen | D78: CD19+ | E78: 0.42405402 | F78: 0.26092928 | G78: 1.280923 | H78: 70000000000 | I78: =E78*10^9/H78 -> 0.0060579146 | J78: =I78*J35 -> 5.0958485e+08
D79: CD19- | E79: 0.039323376 | H79: =H78 -> 70000000000 | I79: =E79*10^9/H79 -> 0.00056176252 | J79: =I79*J36 -> 11979199
F80: Aggarwal et al. 2013 | H80: Langeveled et al. 2006 | J80: Dogra et al. 2020 | L80: total
D81: Li ZF et al. | E81: Reinecke & Pabst 1983 | F81: mean | G81: sem | H81: mean | I81: sem | J81: median | K81: IQR | L81: mean | M81: sem
C82: T cells | D82: =J55/$J$57 -> 0.42029045 | E82: 0.49 | F82: 0.36 | G82: =9/sqrt(19)/100 -> 0.020647416 | H82: 0.22 | I82: 0.04 | L82: =round(average(D82/sum(D82:D83),E82/sum(E82:E83),F82/sum(F82:F83))*(1-L84),2) -> 0.4 | M82: =STDEV(D82/sum(D82:D84),E82/sum(E82:E84),F82/sum(F82:F84)) -> 0.030811028
C83: B cells | D83: =J56/$J$57 -> 0.57970955 | E83: 0.53 | F83: 0.47 | G83: =9.6/sqrt(19)/100 -> 0.02202391 | H83: 0.7 | I83: 0.05 | L83: =round(average(D83/sum(D82:D83),E83/sum(E82:E83),F83/sum(F82:F83))*(1-L84),2) -> 0.5 | M83: =STDEV(D83/sum(D82:D84),E83/sum(E82:E84),F83/sum(F82:F84)) -> 0.027786818
C84: NK cells | D84: =average(F84,H84) -> 0.08 | E84: =D84 -> 0.08 | F84: 0.08 | G84: =3/sqrt(19)/100 -> 0.006882472 | H84: 0.08 | I84: 0.05 | J84: 0.1 | K84: 7%-24% | L84: =J84 -> 0.1 | M84: =STDEV(D84/sum(D82:D84),E84/sum(E82:E84),F84/sum(F82:F84)) -> 0.008405188
C85: plasma cells
A88: % lymph/ cells | B88: 0.85 | C88: 0.05
A90: subpopulations | B90: Battaglia et al. 2003 | C90: Backteman et al. 2012 | D90: average | F90: out of all cells | G90: sem | J90: matching estimate from
A91: T | B91: 0.565 | C91: 0.6 | D91: =AVERAGE(B91:C91) -> 0.5825 | F91: =D91*$B$88 -> 0.495125 | G91: =sqrt(sumsq(STDEV(B91:C91)*$B$88,D91*$C$88)) -> 0.035927662 | J91: Dogra et al. 2020
A92: B | B92: 0.415 | C92: 0.39 | D92: =AVERAGE(B92:C92) -> 0.4025 | F92: =D92*$B$88 -> 0.342125 | G92: =sqrt(sumsq(STDEV(B92:C92)*$B$88,D92*$C$88)) -> 0.02511567 | J92: NK fraction | K92: median | L92: lower (25%) | M92: upper (75%)
A93: NK | B93: 0.014 | C93: 0.016 | D93: =AVERAGE(B93:C93) -> 0.015 | F93: =D93*$B$88 -> 0.01275 | G93: =sqrt(sumsq(STDEV(B93:C93)*$B$88,D93*$C$88)) -> 0.0014168627 | J93: LLN | K93: 0.014583333 | L93: 0.0097222222 | M93: 0.026736111
J94: MLN | K94: 0.0097222222 | L94: 0.0048611111 | M94: 0.015393519
A96: plasma cells | B96: out of LN cells | C96: sem | D96: out of lymphocytes | E96: sem /lower | F96: upper
A97: Turesson 1976 | B97: =0.6/1000 -> 0.0006 | C97: =0.05%/sqrt(7) -> 0.00018898224 | D97: =B97*B88 -> 0.00051 | E97: =sqrt(sumsq(C97*$B$88,B97*$C$88)) -> 0.00016341227 | K97: cd19+ | M97: total
A98: Mei et al. 2015 | D98: =K98/M98 -> 0.0021052632 | E98: =K99/M98 -> 0.00052631579 | F98: =L99/M98 -> 0.0063157895 | I98: basedd on scaling relative to Trepel 1974 | K98: =0.4*10^9 -> 400000000 | M98: =1.9*10^11 -> 190000000000
A99: average | D99: =average(D97:D98) -> 0.0013076316 | E99: =sqrt(sumsq(stdev(D97:D98), average(E97:E98))) -> 0.0011795607 | K99: =0.1*10^9 -> 100000000 | L99: =1.2*10^9 -> 1200000000
O102: =K102*10^9/$G$198 -> #DIV/0! | P102: =L102*10^9/$G$198 -> #DIV/0!
O103: =O102*$G$199 -> #DIV/0! | P103: =P102*$G$199 -> #DIV/0!
A104: Thymus
A106: Marušić et al. 1988 | B106: density (lymph/g) | C106: =9*10^6 -> 9000000 | D106: =5*10^6 -> 5000000
B107: mass (g) | C107: 20 | D107: 2
B108: total lymph | C108: =C106*C107 -> 180000000 | D108: =sqrt(SUMSQ(D107*C106,C107*D106)) -> 1.0160709e+08
B110: Using data from
B111: Marušić et al. 1988 | C111: cellular density | D111: large age range
B112: Weerkamp et al. 2005 | C112: total cells per lobe | D112: children
B113: we do two type of regessions
B114: all the data
B115: slope from Marušić data together with weerkamp et al. intersection
B116: taking the geomean
A118: age=26 | B118: total thymus cells | C118: =2*10^9 -> 2000000000 | D118: =1*10^9 -> 1000000000
A119: Westerman & Pabst 1992 | B119: almost entirly T cells | C119: T | D119: B
C120: =C118*99.5% -> 1990000000 | D120: =0.5%*C118 -> 10000000
C121: =D118 -> 1000000000 | D121: =C121/C120*D120 -> 5025125.6
A125: Marušić et al. 1988
A126: Weerkamp et al. 2005
...

Sheet GIT_dimensions
A1: GI dimensions | J1: Nylund et al. 2012 | M1: Nylund et al. 2012 and Cronin et al. 2012 for total thickness. Brandtzaeg and Baklien 1976 for mucosa thicknes (matching Ensary 1993 and similar to Nylund). Epithel & LP fraction from Ensary's colon. | P1: ratio from Nylund et al. , assuming the thickness mucsa and completing the total thickness. results similar to Nylund values
A2: section | B2: length[cm] | C2: length sem | D2: length reference | E2: diameter [cm] | F2: diameter sem [cm] | G2: diameter refrence | H2: total SA [cm^2] | I2: total SA sem | J2: total wall thickness [cm] | K2: tw sem [cm] | L2: mucosa [cm] | M2: mucosa sem [cm] | N2: epithel (surface + crypt) | O2: lamina propria | P2: submucosa [cm] | Q2: proper muscle [cm] | R2: total volume [cm3] | S2: total volume sem | T2: mucosal volume [cm3] | U2: mucosal volume sem | V2: epithel volume [cm3] | W2: epithel volume sem | X2: LP volume [cm3] | Y2: LP volume sem
A3: Doudenum | B3: 30 | C3: 5 | D3: Hounnou et al. 2002, Weaver et al. 1991, Snyder 1975 (for subdivision) | E3: 2.5 | F3: 0.5 | G3: Cronin et al. 2010 | H3: =B3*pi()*E3 -> 235.61945 | I3: =pi()*sqrt(sumsq(E3*C3,B3*F3)) -> 61.341558 | J3: =average(0.16,0.15) -> 0.155 | K3: =STDEV(0.16,0.15) -> 0.0070710678 | L3: 0.0765 | M3: 0.0053033009 | N3: =$L3*N$6/sum($N$6:$O$6) -> 0.04284 | O3: =$L3*O$6/sum($N$6:$O$6) -> 0.03366 | P3: =(J3-L3)/2 -> 0.03925 | Q3: =P3 -> 0.03925 | R3: =$B3*pi()*(($E3/2+$J3)^2-($E3/2)^2) -> 38.785317 | S3: =sqrt(sumsq($C3*pi()*(($E3/2+$J3)^2-($E3/2)^2), $B3*pi()*($F3*$J3), $B3*pi()*($E3*$K3 + 2*$J3*$K3))) -> 9.9319901 | T3: =$B3*pi()*(($E3/2+$L3)^2-($E3/2)^2) -> 18.576449 | U3: =sqrt(sumsq($C3*pi()*(($E3/2+$L3)^2-($E3/2)^2), $B3*pi()*($F3*$L3), $B3*pi()*($E3*$M3 + 2*$L3*$M3))) -> 4.9335493 | V3: =$B3*pi()*(($E3/2+$N3)^2-($E3/2)^2) -> 10.266907 | W3: =sqrt(sumsq($C3*pi()*(($E3/2+$N3)^2-($E3/2)^2), $B3*pi()*($F3*$N3))) -> 2.6464204 | X3: =$B3*pi()*(($E3/2 +N3+$O3)^2-($E3/2+N3)^2) -> 8.3095425 | Y3: =sqrt(sumsq($C3*pi()*(($E3/2+$N3+$O3)^2-($E3/2+$N3)^2), $B3*pi()*($F3*$O3))) -> 2.1057096
A4: Jejunum | B4: 210 | C4: 25 | D4: Hounnou et al. 2002, Weaver et al. 1991, Snyder 1975 (for subdivision) | E4: 2.5 | F4: 0.5 | G4: Cronin et al. 2010 | H4: =B4*pi()*E4 -> 1649.3361 | I4: =pi()*sqrt(sumsq(E4*C4,B4*F4)) -> 383.88218 | J4: =average(0.15) -> 0.15 | K4: =STDEV(0.15, 0.09) -> 0.042426407 | L4: 0.0765 | M4: 0.0053033009 | N4: =$L4*N$6/sum($N$6:$O$6) -> 0.04284 | O4: =$L4*O$6/sum($N$6:$O$6) -> 0.03366 | P4: =(J4-L4)/2 -> 0.03675 | Q4: =P4 -> 0.03675 | R4: =$B4*pi()*(($E4/2+J4)^2-($E4/2)^2) -> 262.24445 | S4: =sqrt(sumsq($C4*pi()*(($E4/2+$J4)^2-($E4/2)^2), $B4*pi()*($F4*$J4), $B4*pi()*($E4*$K4 + 2*$J4*$K4))) -> 97.801751 | T4: =$B4*pi()*(($E4/2+$L4)^2-($E4/2)^2) -> 130.03515 | U4: =sqrt(sumsq($C4*pi()*(($E4/2+$L4)^2-($E4/2)^2), $B4*pi()*($F4*$L4), $B4*pi()*($E4*$M4 + 2*$L4*$M4))) -> 31.025783 | V4: =$B4*pi()*(($E4/2+$N4)^2-($E4/2)^2) -> 71.868348 | W4: =sqrt(sumsq($C4*pi()*(($E4/2+$N4)^2-($E4/2)^2), $B4*pi()*($F4*$N4))) -> 16.519703 | X4: =$B4*pi()*(($E4/2 +N4+$O4)^2-($E4/2+N4)^2) -> 58.166798 | Y4: =sqrt(sumsq($C4*pi()*(($E4/2+$N4+$O4)^2-($E4/2+$N4)^2), $B4*pi()*($F4*$O4))) -> 13.085653
A5: Ilum | B5: 310 | C5: 40 | D5: Hounnou et al. 2002, Weaver et al. 1991, Snyder 1975 (for subdivision) | E5: 2 | F5: 0.3 | G5: Cronin et al. 2010 | H5: =B5*pi()*E5 -> 1947.7874 | I5: =pi()*sqrt(sumsq(E5*C5,B5*F5)) -> 385.39289 | J5: =average(0.16, 0.12) -> 0.14 | K5: =STDEV(0.16, 0.12) -> 0.028284271 | L5: 0.069 | M5: 0.0021105794 | N5: =$L5*N$6/sum($N$6:$O$6) -> 0.03864 | O5: =$L5*O$6/sum($N$6:$O$6) -> 0.03036 | P5: =(J5-L5)/2 -> 0.0355 | Q5: =P5 -> 0.0355 | R5: =$B5*pi()*(($E5/2+J5)^2-($E5/2)^2) -> 291.77856 | S5: =sqrt(sumsq($C5*pi()*(($E5/2+$J5)^2-($E5/2)^2), $B5*pi()*($F5*$J5), $B5*pi()*($E5*$K5 + 2*$J5*$K5))) -> 83.87462 | T5: =$B5*pi()*(($E5/2+$L5)^2-($E5/2)^2) -> 139.03404 | U5: =sqrt(sumsq($C5*pi()*(($E5/2+$L5)^2-($E5/2)^2), $B5*pi()*($F5*$L5), $B5*pi()*($E5*$M5 + 2*$L5*$M5))) -> 27.341567 | V5: =$B5*pi()*(($E5/2+$N5)^2-($E5/2)^2) -> 76.716579 | W5: =sqrt(sumsq($C5*pi()*(($E5/2+$N5)^2-($E5/2)^2), $B5*pi()*($F5*$N5))) -> 15.014609 | X5: =$B5*pi()*(($E5/2 +N5+$O5)^2-($E5/2+N5)^2) -> 62.317463 | Y5: =sqrt(sumsq($C5*pi()*(($E5/2+$N5+$O5)^2-($E5/2+$N5)^2), $B5*pi()*($F5*$O5))) -> 11.972383
A6: Colon | B6: 150 | C6: 20 | D6: Snyder et al. 1975, Helander & Fändriks, 2014, ICRP2002 | E6: 4.8 | F6: 1 | G6: Khashab et al. 2009 | H6: =B6*pi()*E6 -> 2261.9467 | I6: =pi()*sqrt(sumsq(E6*C6,B6*F6)) -> 559.48581 | J6: =average(0.15, 0.12) -> 0.135 | K6: =STDEV(0.15, 0.12) -> 0.021213203 | L6: 0.05 | M6: 0.0023570226 | N6: 0.028 | O6: 0.022 | P6: =(J6-L6)*3/8 -> 0.031875 | Q6: =(J6-L6)*5/8 -> 0.053125 | R6: =$B6*pi()*(($E6/2+J6)^2-($E6/2)^2) -> 313.95113 | S6: =sqrt(sumsq($C6*pi()*(($E6/2+$J6)^2-($E6/2)^2), $B6*pi()*($F6*$J6), $B6*pi()*($E6*$K6 + 2*$J6*$K6))) -> 91.47738 | T6: =$B6*pi()*(($E6/2+$L6)^2-($E6/2)^2) -> 114.27543 | U6: =sqrt(sumsq($C6*pi()*(($E6/2+$L6)^2-($E6/2)^2), $B6*pi()*($F6*$L6), $B6*pi()*($E6*$M6 + 2*$L6*$M6))) -> 28.582235 | V6: =$B6*pi()*(($E6/2+$N6)^2-($E6/2)^2) -> 63.703959 | W6: =sqrt(sumsq($C6*pi()*(($E6/2+$N6)^2-($E6/2)^2), $B6*pi()*($F6*$N6))) -> 15.692211 | X6: =$B6*pi()*(($E6/2 +N6+$O6)^2-($E6/2+N6)^2) -> 50.571474 | Y6: =sqrt(sumsq($C6*pi()*(($E6/2+$N6+$O6)^2-($E6/2+$N6)^2), $B6*pi()*($F6*$O6))) -> 12.367142
A7: Rectum | B7: 15 | C7: 2 | D7: Snyder et al. 1975, Helander & Fändriks, 2014, ICRP2002 | E7: 6.4 | F7: 1 | G7: Khashab et al. 2009 | H7: =B7*pi()*E7 -> 301.59289 | I7: =pi()*sqrt(sumsq(E7*C7,B7*F7)) -> 61.949148 | J7: 0.21 | K7: {=AVERAGE(K3:K6/J3:J6)*J7} -> 0.036100462 | L7: 0.05 | M7: 0.0023570226 | N7: =$L7*N$6/sum($N$6:$O$6) -> 0.028 | O7: =$L7*O$6/sum($N$6:$O$6) -> 0.022 | P7: =(J7-L7)*3/8 -> 0.06 | Q7: =(J7-L7)*5/8 -> 0.1 | R7: =$B7*pi()*(($E7/2+J7)^2-($E7/2)^2) -> 65.412671 | S7: =sqrt(sumsq($C7*pi()*(($E7/2+$J7)^2-($E7/2)^2), $B7*pi()*($F7*$J7), $B7*pi()*($E7*$K7 + 2*$J7*$K7))) -> 17.567264 | T7: =$B7*pi()*(($E7/2+$L7)^2-($E7/2)^2) -> 15.197454 | U7: =sqrt(sumsq($C7*pi()*(($E7/2+$L7)^2-($E7/2)^2), $B7*pi()*($F7*$L7), $B7*pi()*($E7*$M7 + 2*$L7*$M7))) -> 3.1904378 | V7: =$B7*pi()*(($E7/2+$N7)^2-($E7/2)^2) -> 8.4815462 | W7: =sqrt(sumsq($C7*pi()*(($E7/2+$N7)^2-($E7/2)^2), $B7*pi()*($F7*$N7))) -> 1.7377778 | X7: =$B7*pi()*(($E7/2 +N7+$O7)^2-($E7/2+N7)^2) -> 6.7159083 | Y7: =sqrt(sumsq($C7*pi()*(($E7/2+$N7+$O7)^2-($E7/2+$N7)^2), $B7*pi()*($F7*$O7))) -> 1.3699046
A8: totals
A9: SI | H9: =sum(H3:H5) -> 3832.743 | I9: =sqrt(sumsq(I3:I5)) -> 547.40843 | R9: =sum(R3:R5) -> 592.80832 | S9: =sqrt(sumsq(S3:S5)) -> 129.22375 | T9: =sum(T3:T5) -> 287.64564 | U9: =sqrt(sumsq(U3:U5)) -> 41.647334 | V9: =sum(V3:V5) -> 158.85183 | W9: =sqrt(sumsq(W3:W5)) -> 22.479827 | X9: =sum(X3:X5) -> 128.7938 | Y9: =sqrt(sumsq(Y3:Y5)) -> 17.860747
A10: Colon | H10: =sum(H6:H7) -> 2563.5396 | I10: =SQRT(SUMSQ(I6:I7)) -> 562.90503 | R10: =sum(R6:R7) -> 379.36381 | S10: =SQRT(SUMSQ(S6:S7)) -> 93.148912 | T10: =sum(T6:T7) -> 129.47289 | U10: =SQRT(SUMSQ(U6:U7)) -> 28.759747 | V10: =sum(V6:V7) -> 72.185505 | W10: =SQRT(SUMSQ(W6:W7)) -> 15.78814 | X10: =sum(X6:X7) -> 57.287382 | Y10: =SQRT(SUMSQ(Y6:Y7)) -> 12.442782
A11: (including rectum)
A16: PP mass [g] | B16: 20 | C16: Trepel
A17: Intestine specific gravity | B17: 1.04 | C17: Snyder et al. 1975

Sheet Loyfer_data
A1: tissue | B1: Adipose_STL001 | C1: Adipose_STL002 | D1: Adipose_STL003 | E1: Aorta_STL002 | F1: Aorta_STL003 | G1: Bladder_STL001 | H1: Brain-Astrocyte-741 | I1: Brain-Brodmann11-681 | J1: Brain-Brodmann11-731 | K1: Brain-Cerebellum-724 | L1: Brain-Cerebellum-749 | M1: Brain-Cerebellum-761 | N1: Brain-Cerebellum-898 | O1: Brain-Cortex-762 | P1: Brain-Cortex-869 | Q1: Brain-Germinal-Matrix-821 | R1: Brain-Hippocampus-794 | S1: Brain-Insular-Cortex-837 | T1: Brain-MGE-798 | U1: Brain-MGE-843 | V1: Brain-MGE-882 | W1: Breast-Fibroblast-838 | X1: Breast-Fibroblast-917 | Y1: Breast-Luminal-Epithel-782 | Z1: Breast-Luminal-Epithel-873 | AA1: Breast-Mammary-Epithel-735 | AB1: mammary_epithelial_cell_714 | AC1: mammary_epithelial_cell_715 | AD1: Breast-Myoepithel-694 | AE1: Breast-Myoepithel-770 | AF1: Breast-Myoepithel-771 | AG1: Breast-Myoepithel-778 | AH1: Breast-Progenitor-Enriched-927 | AI1: esophagus_squamous_epithelium_903 | AJ1: transverse_colon_891 | AK1: transverse_colon_912 | AL1: Sigmoid_Colon_STL001 | AM1: Sigmoid_Colon_STL003 | AN1: Esophagus_STL002 | AO1: Esophagus_STL003 | AP1: esophagus_muscularis_mucosa_926 | AQ1: esophagus_squamous_epithelium_925 | AR1: fibroblast_of_arm_642 | AS1: fibroblast_of_arm_643 | AT1: Gastric_STL001 | AU1: Gastric_STL002 | AV1: Gastric_STL003 | AW1: gastroesophageal_sphincter_904 | AX1: gastroesophageal_sphincter_924 | AY1: hepatocyte_899 | AZ1: Liver_STL011 | BA1: right_lobe_of_liver_886 | BB1: right_lobe_of_liver_887 | BC1: Lung_STL001 | BD1: Lung_STL002 | BE1: upper_lobe_of_left_lung_893 | BF1: upper_lobe_of_left_lung_913 | BG1: ovary_895 | BH1: ovary_922 | BI1: Ovary_STL002 | BJ1: body_of_pancreas_897 | BK1: body_of_pancreas_930 | BL1: Pancreas_STL002 | BM1: Pancreas_STL003 | BN1: Pancreas-Islet-695 | BO1: Penis-Skin-Fibroblast-926 | BP1: Penis-Skin-Keratinocyte-901 | BQ1: Penis-Skin-Melanocyte-696 | BR1: prostate_gland_919 | BS1: Psoas_Muscle_STL001 | BT1: Psoas_Muscle_STL002 | BU1: Psoas_Muscle_STL003 | BV1: Right_Atrium_STL003 | BW1: skeletal_muscle_myoblast_450 | BX1: skeletal_muscle_myoblast_451 | BY1: Skin-Nevus-739 | BZ1: lower_leg_skin_888 | CA1: lower_leg_skin_927 | CB1: suprapubic_skin_892 | CC1: Small_Intestine_STL001 | CD1: Small_Intestine_STL002 | CE1: Small_Intestine_STL003 | CF1: smooth_muscle_884 | CG1: smooth_muscle_885 | CH1: smooth_muscle_928 | CI1: smooth_muscle_929 | CJ1: stomach_894 | CK1: stomach_907 | CL1: thyroid_gland_900 | CM1: thyroid_gland_908 | CN1: tibial_nerve_911 | CO1: tibial_nerve_916 | CP1: heart_left_ventricle_896 | CQ1: heart_left_ventricle_918 | CR1: Left_Ventricle_STL001 | CS1: Left_Ventricle_STL003 | CT1: Right_Ventricle_STL001 | CU1: Right_Ventricle_STL003
A2: Adipocytes | B2: 0.420491 | C2: 0.415985 | D2: 0.247489
A3: Prostate-Ep | G3: 7.2e-05
A4: Bladder-Ep | G4: 0.065795
A5: Blood-B | B5: 0.107281 | C5: 0.000972 | D5: 0.006672 | E5: 0 | F5: 0 | G5: 0.004536 | H5: 0.000593 | I5: 0.008075 | J5: 0 | K5: 0 | L5: 0.004407 | M5: 0.007731 | N5: 0.002657 | O5: 0.009076 | P5: 0.002027 | Q5: 0.044438 | R5: 0 | S5: 0 | T5: 0.031532 | U5: 0.003495 | V5: 0.005615 | W5: 0.00358 | X5: 0.009953 | Y5: 0.005381 | Z5: 0 | AA5: 0.010243 | AB5: 0.007189 | AC5: 0.003535 | AD5: 0 | AE5: 0 | AF5: 0 | AG5: 0 | AH5: 0.037105 | AI5: 0.076715 | AJ5: 0 | AK5: 0.027343 | AL5: 0.163664 | AM5: 0 | AN5: 0.011704 | AO5: 0.009928 | AP5: 0 | AQ5: 0.02745 | AR5: 0.003635 | AS5: 0 | AT5: 0.021861 | AU5: 0 | AV5: 0.007468 | AW5: 0 | AX5: 0 | AY5: 0.000266 | AZ5: 0.001792 | BA5: 0.001534 | BB5: 0.004001 | BC5: 0.009449 | BD5: 0 | BE5: 0 | BF5: 0 | BG5: 0.019167 | BH5: 0.005165 | BI5: 0.002859 | BJ5: 0.002096 | BK5: 0 | BL5: 0.007011 | BM5: 0.018836 | BN5: 0.011676 | BO5: 0.002629 | BP5: 0.077193 | BQ5: 0.037654 | BR5: 0 | BS5: 0.008638 | BT5: 0.002669 | BU5: 0.006921 | BV5: 0 | BW5: 0.007239 | BX5: 0.00265 | BY5: 0.014768 | BZ5: 0 | CA5: 0 | CB5: 0.009051 | CC5: 0.0429 | CD5: 0.038016 | CE5: 0.01434 | CF5: 0.045175 | CG5: 0.050133 | CH5: 0.004732 | CI5: 0.019476 | CJ5: 0 | CK5: 0.006273 | CL5: 0.004048 | CM5: 0.001673 | CN5: 0 | CO5: 0.000654 | CP5: 0 | CQ5: 0.004494 | CR5: 0.017128 | CS5: 0 | CT5: 0 | CU5: 9.6e-05
A6: Blood-Granul | B6: 0.001935 | C6: 0.167785 | D6: 0.349794 | E6: 0 | F6: 0 | G6: 0 | H6: 0.045857 | I6: 0.033499 | J6: 0.012639 | K6: 0.039647 | L6: 0.032382 | M6: 0.023252 | N6: 0.009382 | O6: 0.013051 | P6: 0 | Q6: 0.232508 | R6: 0.034556 | S6: 0.041277 | T6: 0.19487 | U6: 0.019278 | V6: 0.016597 | W6: 0.04945 | X6: 0.008764 | Y6: 0 | Z6: 0.017465 | AA6: 0.082709 | AB6: 0 | AC6: 0 | AD6: 0.032194 | AE6: 0 | AF6: 0 | AG6: 0 | AH6: 0.072853 | AI6: 0.005327 | AJ6: 0 | AK6: 0 | AL6: 0.001191 | AM6: 0.005128 | AN6: 0 | AO6: 0.007462 | AP6: 0.030474 | AQ6: 0.086517 | AR6: 0.01247 | AS6: 0.004283 | AT6: 0.055399 | AU6: 0.00109 | AV6: 0.038614 | AW6: 0.025858 | AX6: 0.008772 | AY6: 0.048186 | AZ6: 0.021041 | BA6: 0.021975 | BB6: 0.058312 | BC6: 0.47079 | BD6: 0.076548 | BE6: 0.052477 | BF6: 0.083524 | BG6: 0.019151 | BH6: 0.024539 | BI6: 0.011862 | BJ6: 0.012714 | BK6: 0.032677 | BL6: 0.004239 | BM6: 0 | BN6: 0.054692 | BO6: 0.002294 | BP6: 0.211293 | BQ6: 0.027107 | BR6: 0.03385 | BS6: 0 | BT6: 0 | BU6: 0 | BV6: 0.031661 | BW6: 0 | BX6: 0 | BY6: 0.070088 | BZ6: 0.013694 | CA6: 0.007979 | CB6: 0.032105 | CC6: 0.001873 | CD6: 0.012292 | CE6: 0.001729 | CF6: 0.08418 | CG6: 0.070894 | CH6: 0.044191 | CI6: 0.032796 | CJ6: 0.071441 | CK6: 0.006 | CL6: 0.005954 | CM6: 0.012189 | CN6: 0.004085 | CO6: 0.004647 | CP6: 0.023971 | CQ6: 0.01374 | CR6: 0.005815 | CS6: 0.004277 | CT6: 0 | CU6: 0.015463
A7: Blood-Mono+Macro | B7: 0.011987 | C7: 0.032696 | D7: 0.084398 | E7: 0.014496 | F7: 0.009112 | G7: 0.075811 | H7: 0 | I7: 0.037422 | J7: 0.064175 | K7: 0 | L7: 0.046212 | M7: 0 | N7: 0 | O7: 0.005629 | P7: 0 | Q7: 0 | R7: 0.117902 | S7: 0.092262 | T7: 0.043076 | U7: 0 | V7: 0 | W7: 0.001677 | X7: 0 | Y7: 0 | Z7: 0 | AA7: 0.058383 | AB7: 0.01239 | AC7: 0.001568 | AD7: 0 | AE7: 0 | AF7: 0 | AG7: 0 | AH7: 0.043966 | AI7: 0.144565 | AJ7: 0.034503 | AK7: 0.102208 | AL7: 0.072113 | AM7: 0.042265 | AN7: 0.035007 | AO7: 0.054507 | AP7: 0.21306 | AQ7: 0.054668 | AR7: 0.008969 | AS7: 0.023327 | AT7: 0.08215 | AU7: 0.018732 | AV7: 0.051719 | AW7: 0.115652 | AX7: 0.065382 | AY7: 0.055991 | AZ7: 0.046507 | BA7: 0.108222 | BB7: 0.111444 | BC7: 0.152242 | BD7: 0.163465 | BE7: 0.130745 | BF7: 0.149964 | BG7: 0.076972 | BH7: 0.061244 | BI7: 0.105651 | BJ7: 0.056357 | BK7: 0.119448 | BL7: 0.013799 | BM7: 0.03032 | BN7: 0 | BO7: 0.03635 | BP7: 0.104507 | BQ7: 0.1098 | BR7: 0.125449 | BS7: 0 | BT7: 0 | BU7: 0 | BV7: 0.072286 | BW7: 0 | BX7: 0 | BY7: 0.175014 | BZ7: 0.163544 | CA7: 0.144475 | CB7: 0.204966 | CC7: 0.105579 | CD7: 0.060199 | CE7: 0.020104 | CF7: 0.118018 | CG7: 0.079562 | CH7: 0.045088 | CI7: 0.060304 | CJ7: 0.084599 | CK7: 0.017447 | CL7: 0.031962 | CM7: 0.038138 | CN7: 0.156289 | CO7: 0.228514 | CP7: 0.06598 | CQ7: 0.055734 | CR7: 0.053714 | CS7: 0.045961 | CT7: 0.051958 | CU7: 0.07373
A8: Blood-NK | B8: 0.013346 | C8: 0 | D8: 0.002719 | E8: 0 | F8: 0 | G8: 0.005077 | H8: 0 | I8: 0 | J8: 0.005102 | K8: 0 | L8: 0 | M8: 0.00682 | N8: 0 | O8: 0 | P8: 0 | Q8: 0 | R8: 0 | S8: 0.014792 | T8: 0.000737 | U8: 0 | V8: 0 | W8: 0 | X8: 0 | Y8: 0.004245 | Z8: 0 | AA8: 0.012543 | AB8: 0.007894 | AC8: 0.021819 | AD8: 0.005542 | AE8: 0 | AF8: 0.003054 | AG8: 0.002021 | AH8: 0.004621 | AI8: 0.004456 | AJ8: 0 | AK8: 0 | AL8: 0.000349 | AM8: 0 | AN8: 0 | AO8: 0 | AP8: 0.00621 | AQ8: 0.006775 | AR8: 0 | AS8: 0 | AT8: 0.006727 | AU8: 0 | AV8: 0.001054 | AW8: 0 | AX8: 0.030642 | AY8: 0.015033 | AZ8: 0.011353 | BA8: 0 | BB8: 0.017361 | BC8: 0.018051 | BD8: 0.021604 | BE8: 0.027768 | BF8: 0.007463 | BG8: 0 | BH8: 0 | BI8: 0 | BJ8: 0 | BK8: 0 | BL8: 0 | BM8: 0.001944 | BN8: 0.017798 | BO8: 0.009465 | BP8: 0.059214 | BQ8: 0.02107 | BR8: 0 | BS8: 0 | BT8: 0 | BU8: 0 | BV8: 3e-05 | BW8: 0 | BX8: 0 | BY8: 0.019141 | BZ8: 0.000238 | CA8: 0.004518 | CB8: 0.007259 | CC8: 0.015021 | CD8: 0 | CE8: 0.000118 | CF8: 0.028959 | CG8: 0.00878 | CH8: 0.048119 | CI8: 0.023165 | CJ8: 0 | CK8: 0.002191 | CL8: 0.001741 | CM8: 0 | CN8: 0.014247 | CO8: 0.006492 | CP8: 0.001738 | CQ8: 0.0009 | CR8: 0.003756 | CS8: 0.002843 | CT8: 0.00194 | CU8: 0.001491
A9: Blood-T | B9: 0.117096 | C9: 0.058827 | D9: 0.029513 | E9: 0 | F9: 0 | G9: 0.014539 | H9: 0.023313 | I9: 0.01706 | J9: 0.000127 | K9: 0.028595 | L9: 0.009605 | M9: 0.011821 | N9: 0 | O9: 0 | P9: 0.011046 | Q9: 0.04556 | R9: 0.016629 | S9: 0.024609 | T9: 0.045318 | U9: 0.015895 | V9: 0.00881 | W9: 0 | X9: 0.082245 | Y9: 0.008654 | Z9: 0.012163 | AA9: 0.033971 | AB9: 0.006971 | AC9: 0 | AD9: 0 | AE9: 0 | AF9: 0 | AG9: 0 | AH9: 0 | AI9: 0.165786 | AJ9: 0.064013 | AK9: 0.028839 | AL9: 0.177683 | AM9: 0.03065 | AN9: 0.162118 | AO9: 0.101257 | AP9: 0.038298 | AQ9: 0.055177 | AR9: 0.011066 | AS9: 0.012947 | AT9: 0.084495 | AU9: 0.098582 | AV9: 0.039916 | AW9: 0.058133 | AX9: 0 | AY9: 0.000172 | AZ9: 0.035161 | BA9: 0.102073 | BB9: 0.05833 | BC9: 0.037513 | BD9: 0.064381 | BE9: 0.064665 | BF9: 0.058706 | BG9: 0 | BH9: 0.008696 | BI9: 0.014132 | BJ9: 0.041388 | BK9: 0.038657 | BL9: 0.000467 | BM9: 0.048603 | BN9: 0 | BO9: 0.019327 | BP9: 0.043604 | BQ9: 0.015623 | BR9: 0.042763 | BS9: 0 | BT9: 0 | BU9: 0 | BV9: 0 | BW9: 0 | BX9: 0 | BY9: 0.034414 | BZ9: 0.039898 | CA9: 0.054676 | CB9: 0.054275 | CC9: 0.123596 | CD9: 0.207884 | CE9: 0.066891 | CF9: 0.049115 | CG9: 0.048688 | CH9: 0 | CI9: 0 | CJ9: 0.106674 | CK9: 0.078803 | CL9: 0.004255 | CM9: 0.053342 | CN9: 0.028891 | CO9: 0.006263 | CP9: 0 | CQ9: 0 | CR9: 0.048307 | CS9: 0 | CT9: 0 | CU9: 0.005297
A10: Breast-Basal-Ep | W10: 0.025654 | X10: 0.00668 | Y10: 0.016831 | Z10: 0 | AA10: 0.34868 | AB10: 0.638575 | AC10: 0.62009 | AD10: 0.962264 | AE10: 1 | AF10: 0.992811 | AG10: 0.997979 | AH10: 0.029823
A11: Breast-Luminal-Ep | W11: 0.016253 | X11: 0 | Y11: 0.930558 | Z11: 0.957892 | AA11: 0.375791 | AB11: 0.206542 | AC11: 0.212841 | AD11: 0 | AE11: 0 | AF11: 0 | AG11: 0 | AH11: 0.044789
A12: Endothel | B12: 0.145554 | C12: 0.198212 | D12: 0.153054 | E12: 0.115508 | F12: 0.114157 | G12: 0.20434 | H12: 0.004317 | I12: 0.179091 | J12: 0.076239 | K12: 0.05179 | L12: 0.044725 | M12: 0.01234 | N12: 0 | O12: 0.009943 | P12: 0 | Q12: 0 | R12: 0.176683 | S12: 0.208455 | T12: 0 | U12: 0.085394 | V12: 0 | W12: 0.054055 | X12: 0 | Y12: 0 | Z12: 0.004842 | AA12: 0.00179 | AB12: 0 | AC12: 0 | AD12: 0 | AE12: 0 | AF12: 0.004135 | AG12: 0 | AH12: 0.046153 | AI12: 0.280682 | AJ12: 0.086096 | AK12: 0.00538 | AL12: 0.091824 | AM12: 0.034144 | AN12: 0.161984 | AO12: 0.162711 | AP12: 0.308329 | AQ12: 0.153023 | AR12: 0 | AS12: 0 | AT12: 0.121663 | AU12: 0.164179 | AV12: 0.132771 | AW12: 0.321192 | AX12: 0.450088 | AY12: 0.126715 | AZ12: 0.195788 | BA12: 0.209193 | BB12: 0.164187 | BC12: 0.203156 | BD12: 0.369434 | BE12: 0.385456 | BF12: 0.38451 | BG12: 0.248291 | BH12: 0.299665 | BI12: 0.239385 | BJ12: 0.056496 | BK12: 0.073283 | BL12: 0.06695 | BM12: 0.059464 | BN12: 0.017919 | BO12: 0 | BP12: 0.083248 | BQ12: 0.479379 | BR12: 0.218181 | BS12: 0.252443 | BT12: 0.082283 | BU12: 0.114783 | BV12: 0.349236 | BW12: 0 | BX12: 0 | BY12: 0.204708 | BZ12: 0.171748 | CA12: 0.195561 | CB12: 0.277576 | CC12: 0.261379 | CD12: 0.059931 | CE12: 0.034459 | CF12: 0.102261 | CG12: 0.151402 | CH12: 0.279197 | CI12: 0.259505 | CJ12: 0.229813 | CK12: 0.197066 | CL12: 0.186001 | CM12: 0.220383 | CN12: 0.403809 | CO12: 0.388226 | CP12: 0.452317 | CQ12: 0.401535 | CR12: 0.380926 | CS12: 0.446466 | CT12: 0.381328 | CU12: 0.392409
A13: Liver-Hep | AY13: 0.068588 | AZ13: 0.677894 | BA13: 0.557002 | BB13: 0.536527
A14: Lung-Ep-Alveo | BC14: 0.09486 | BD14: 0.265074 | BE14: 0.232881 | BF14: 0.271217
A15: Lung-Ep-Bron | BC15: 0 | BD15: 0 | BE15: 0.019043 | BF15: 0
A16: Ovary-Ep | BG16: 0.069349 | BH16: 0.019429 | BI16: 0.075165
A17: Fallopian-Ep | BG17: 0.048612 | BH17: 0.01849 | BI17: 0
A18: Colon-Ep | AI18: 0 | AJ18: 0.472172 | AK18: 0.42742 | AL18: 0.202561 | AM18: 0.766503 | AN18: 0 | AO18: 0.001912 | AP18: 0.014767 | AQ18: 0.009814 | AT18: 0 | AU18: 0 | AV18: 0.005916 | AW18: 0.007839 | AX18: 0.014331 | CC18: 0 | CD18: 0 | CE18: 0 | CJ18: 0.006349 | CK18: 0
A19: Gastric-Ep | AI19: 0 | AJ19: 0 | AK19: 0 | AL19: 0 | AM19: 0 | AN19: 0.014464 | AO19: 0.012868 | AP19: 0.029887 | AQ19: 0.008097 | AT19: 0.359099 | AU19: 0.667432 | AV19: 0.605996 | AW19: 0.010087 | AX19: 0.018009 | CC19: 0.018286 | CD19: 0.04896 | CE19: 0.020892 | CJ19: 0.358805 | CK19: 0.557731
A20: Small-Int-Ep | AI20: 0.003191 | AJ20: 0 | AK20: 0 | AL20: 0.006749 | AM20: 0.00796 | AN20: 0.110126 | AO20: 0.002313 | AP20: 0.001969 | AQ20: 0.001681 | AT20: 0.101516 | AU20: 0 | AV20: 0 | AW20: 0.006787 | AX20: 0 | CC20: 0.232353 | CD20: 0.516767 | CE20: 0.820159 | CJ20: 0 | CK20: 0
A21: Head-Neck-Ep | AI21: 0.317087 | AN21: 0.335655 | AO21: 0.470659 | AP21: 0.041577 | AQ21: 0.537434
A22: Dermal-Fibro | BO22: 0.481792 | BP22: 0.1138 | BQ22: 0.050983 | BY22: 0.267658 | BZ22: 0.435575 | CA22: 0.442662 | CB22: 0.414768
A23: Epid-Kerat
A24: Heart-Cardio | E24: 0.000172 | F24: 0 | BV24: 0.234455 | CP24: 0.260382 | CQ24: 0.312071 | CR24: 0.341915 | CS24: 0.222896 | CT24: 0.384399 | CU24: 0.214104
A25: Heart-Fibro | E25: 0.082305 | F25: 0.139049 | BV25: 0.312333 | CP25: 0.195613 | CQ25: 0.211526 | CR25: 0.148439 | CS25: 0.137964 | CT25: 0.180376 | CU25: 0.209442
A26: Kidney-Ep
A27: Skeletal-Musc | BS27: 0.738918 | BT27: 0.912551 | BU27: 0.878296 | BW27: 0.854071 | BX27: 0.893538 | CN27: 0.035106 | CO27: 0.028743
A28: Smooth-Musc | B28: 0.18231 | C28: 0.125524 | D28: 0.126362 | E28: 0.787519 | F28: 0.737682 | G28: 0.62983 | H28: 0.064719 | I28: 0.011811 | J28: 0.001412 | K28: 0.14933 | L28: 0.054971 | M28: 0.196857 | N28: 0.013454 | O28: 0.017265 | P28: 0 | Q28: 0.144263 | R28: 0.088565 | S28: 0.002791 | T28: 0.038415 | U28: 0 | V28: 0 | W28: 0.84933 | X28: 0.892357 | Y28: 0.034332 | Z28: 0.007639 | AA28: 0.07589 | AB28: 0.12044 | AC28: 0.140147 | AD28: 0 | AE28: 0 | AF28: 0 | AG28: 0 | AH28: 0.720692 | AI28: 0.002193 | AJ28: 0.077267 | AK28: 0.016779 | AL28: 0.012999 | AM28: 0 | AN28: 0.168943 | AO28: 0.176384 | AP28: 0.315428 | AQ28: 0.059365 | AR28: 0.963861 | AS28: 0.959444 | AT28: 0.16709 | AU28: 0.049985 | AV28: 0.116546 | AW28: 0.454452 | AX28: 0.412775 | AY28: 0.68505 | AZ28: 0.010464 | BA28: 0 | BB28: 0.049838 | BC28: 0.013939 | BD28: 0.039493 | BE28: 0.086964 | BF28: 0.044617 | BG28: 0.518459 | BH28: 0.562773 | BI28: 0.550947 | BJ28: 0.081149 | BK28: 0.022555 | BL28: 0.012544 | BM28: 0.084954 | BN28: 0 | BO28: 0.448144 | BP28: 0.307142 | BQ28: 0.258385 | BR28: 0.579758 | BS28: 0 | BT28: 0.002497 | BU28: 0 | BV28: 0 | BW28: 0.13869 | BX28: 0.103812 | BY28: 0.21421 | BZ28: 0.175304 | CA28: 0.150128 | CB28: 0 | CC28: 0.199014 | CD28: 0.055951 | CE28: 0.021309 | CF28: 0.572293 | CG28: 0.59054 | CH28: 0.578673 | CI28: 0.604755 | CJ28: 0.142319 | CK28: 0.134491 | CL28: 0.068838 | CM28: 0.08969 | CN28: 0.357574 | CO28: 0.33646 | CP28: 0 | CQ28: 0 | CR28: 0 | CS28: 0.139594 | CT28: 0 | CU28: 0.087968
A29: Neuron | H29: 0.584414 | I29: 0.571594 | J29: 0.07061 | K29: 0.558583 | L29: 0.578028 | M29: 0.554664 | N29: 0.974508 | O29: 0.521987 | P29: 0.561757 | Q29: 0.415778 | R29: 0.167028 | S29: 0.434812 | T29: 0.44548 | U29: 0.597009 | V29: 0.496257
A30: Oligodend | H30: 0.276786 | I30: 0.14145 | J30: 0.769698 | K30: 0.172055 | L30: 0.22967 | M30: 0.186515 | N30: 0 | O30: 0.423049 | P30: 0.42517 | Q30: 0.117454 | R30: 0.398639 | S30: 0.181003 | T30: 0.200573 | U30: 0.27893 | V30: 0.472721
A31: Thyroid-Ep | CL31: 0.697202 | CM31: 0.584586
A32: Pancreas-Acinar | BJ32: 0.535326 | BK32: 0.474956 | BL32: 0.603154 | BM32: 0.507268 | BN32: 0.066253
A33: Pancreas-Alpha | BJ33: 0 | BK33: 0 | BL33: 0.002769 | BM33: 0.012439 | BN33: 0.298467
A34: Pancreas-Beta | BJ34: 0 | BK34: 0 | BL34: 0.019409 | BM34: 0.006424 | BN34: 0.504011
A35: Pancreas-Delta | BJ35: 0 | BK35: 0 | BL35: 0.012453 | BM35: 0 | BN35: 0.021035
A36: Pancreas-Duct | BJ36: 0.214474 | BK36: 0.238426 | BL36: 0.257206 | BM36: 0.229749 | BN36: 0.008149
A37: Colon-Fibro | AJ37: 0.265948 | AK37: 0.392031 | AL37: 0.270867 | AM37: 0.113351

Sheet Anchors
A1: tissue | B1: possible_names | C1: anchor_cell | D1: Loyfer_name | E1: anchor_cell_number | F1: anchor_cell_unc | G1: reference | H1: comment
A2: Brain | B2: Brain | C2: Neuron | D2: Neuron | E2: 77000000000 | F2: 11000000000 | G2: Sender & Milo 2021
A3: Adipose tissue | B3: Adipose | C3: Adipocytes | D3: Adipocytes | E3: 34000000000 | F3: 5000000000 | G3: Sender & Milo 2021
A4: Colon | B4: Colon | C4: Epithelial cells | D4: Colon-Ep | E4: 60000000000 | F4: 20000000000 | G4: Sender & Milo 2021
A5: Stomach | B5: Gastric, Stomach | C5: Epithelial cells | D5: Gastric-Ep | E5: 17400000000 | F5: 4000000000 | G5: Sender & Milo 2021
A6: Liver | B6: Hepatocyte, Liver | C6: Hepatocytes | D6: Liver-Hep | E6: 280000000000 | F6: 50000000000 | G6: Heinke et al. 2022
A7: Lungs | B7: Lung | C7: Alveolar epithelial cells | D7: Lung-Ep-Alveo | E7: 109000000000 | F7: 18530000000 | G7: Sender & Milo 2021
A8: Skin_Epi | B8: Epidermis | C8: Keratinocytes | D8: Epid-Kerat | E8: 120000000000 | F8: 30000000000 | G8: Sender & Milo 2021
A9: Skin | B9: Skin | C9: Dermal fibroblast | D9: Dermal-Fibro | E9: 38000000000 | F9: 16000000000 | G9: Sender & Milo 2021
A10: Pancreas | B10: Pancreas | C10: Beta cells | D10: Pancreas-Beta | E10: =1.55*10^9 -> 1550000000 | F10: =0.26*10^9 -> 260000000 | G10: Meier et al. 2008
A11: Skeletal muscles | B11: Skeletal, Psoas | C11: muscle fibers | D11: Skeletal-Musc | E11: =19800/30000*10^12 -> 660000000000 | F11: =SQRT(SUMSQ(10000/30000,2500/19800))*E11 -> 235253999848 | G11: Sender & Milo 2021 | H11: estimated number of nuclei, using nucekai domain volume and total cellular mass
A12: SI | B12: Small Intestine | C12: Epithelial cells | D12: Small-Int-Ep | E12: 120000000000 | F12: 20000000000 | G12: Sender & Milo 2021
A13: Heart | B13: Atrium, Ventricle | C13: Cardiomyocytes | D13: Heart-Cardio | E13: 3200000000 | F13: 140000000 | G13: Sender & Milo 2021

Sheet Mass
A1: source | B1: cell_type_name | C1: cell_type | D1: tissue | E1: specie | F1: monocyte_derived_mac | G1: method | H1: mean_diameter | I1: std_diameter | J1: sem_diameter | K1: min_diameter | L1: max_diameter | M1: mean_volume_fl | N1: std_volume_fl | O1: sem_volume_fl | P1: N | Q1: comment
A2: Kuse et al., 1985 | B2: Lymphocyte | C2: Lymphocyte | D2: Blood | E2: human | G2: Coulter counter | M2: 206 | N2: 14
A3: Zheng et al., 2015 | B3: Lymphocyte | C3: Lymphocyte | D3: Blood | E3: human | G3: Coulter counter | M3: =4*PI()/3*(7.3/2)^3 -> 203.68882 | N3: =4*PI()*(7.3/2)^2*0.03 -> 5.0224642
A4: Segel et al., 1981 | B4: Lymphocyte | C4: Lymphocyte | D4: Blood | E4: human | G4: Coulter counter | M4: 203 | N4: 3
A5: Schmid-Schönbein et al., 1980 | B5: Lymphocyte | C5: Lymphocyte | D5: Blood | E5: human | G5: Transmission Electron Microscopy | M5: 125 | N5: 15
A6: Downey et al., 1990 | B6: Lymphocyte | C6: Lymphocyte | D6: Blood | E6: human | G6: Coulter counter | M6: =4*PI()/3*(6.05/2)^3 -> 115.9484 | N6: =4*PI()*(6.05/2)^2*0.04 -> 4.5996058
A7: Downey et al., 1990 | B7: Lymphocyte | C7: Lymphocyte | D7: Blood | E7: human | G7: Flow Cytometer | M7: =4*PI()/3*(7.02/2)^3 -> 181.13816 | N7: =4*PI()*(7.02/2)^2*0.04 -> 6.1927577
A8: Zipursky et al., 1976 | B8: Monocyte | C8: Monocyte | D8: Blood | E8: human | G8: Coulter counter | M8: 534 | N8: 47 | O8: =N8/SQRT(P8) -> 9.2174584 | P8: 26
A9: Zipursky et al., 1976 | B9: Lymphocyte | C9: Monocyte | D9: Blood | E9: human | G9: Coulter counter | M9: 247 | N9: 18 | O9: =N9/SQRT(P9) -> 3.5300904 | P9: 26
A10: Zipursky et al., 1976 | B10: Neutrophil | C10: Monocyte | D10: Blood | E10: human | G10: Coulter counter | M10: 468 | N10: 24 | O10: =N10/SQRT(P10) -> 4.7067872 | P10: 26
A11: Nibbering et al., 1990 | B11: Monocyte | C11: Monocyte | D11: Blood | E11: human | M11: 421 | N11: 24 | O11: =N11/SQRT(P11) -> 8.4852814 | P11: 8
A12: Chapam et al., 1981 | B12: Monocyte | C12: Monocyte | D12: Blood | E12: human | M12: 413 | N12: 21 | O12: =N12/SQRT(P12) -> 4.6957428 | P12: 20
A13: Ince et al., 1987 | B13: Monocyte | C13: Monocyte | D13: Blood | E13: human | M13: 346 | N13: =O13*SQRT(P13) -> 5.1429563 | O13: 2.3 | P13: 5
A14: Ting-Beall et al. 1993 | B14: Neutrophil | C14: Neutrophil | D14: Blood | E14: human | G14: light microscope, micropipette technique | M14: 300 | N14: 32 | O14: 5 | Q14: sem taken as the variation between their distinct methods
A15: Bouwens et al. 1986 | B15: Kupffer cells | C15: Macrophage | D15: Liver | E15: rat | F15: no | G15: light microscope | H15: =AVERAGE(11.8,9) -> 10.4 | J15: 2 | M15: =4*PI()/3*(H15/2)^3 -> 588.97741 | O15: =4*PI()*(H15/2)^2*J15/2 -> 339.79466
A16: Crapo et al. 1982 | B16: Alveolar macrophages | C16: Macrophage | D16: Lung | E16: human | F16: no | M16: 2500 | O16: 170
A17: Stone et al. 1992 | B17: Alveolar macrophages | C17: Macrophage | D17: Lung | E17: human | F17: no | M17: 1470 | O17: 260
A18: Krombach et al. 1997 | B18: Alveolar macrophages | C18: Macrophage | D18: Lung | E18: human | F18: no | G18: Coulter counter | H18: 21.2 | J18: 0.3 | M18: 4990 | O18: 170
A19: Nibbering et al., 1990 | B19: Granulocyte | C19: Granulocyte | D19: Blood | E19: human | G19: Coulter counter | M19: 334 | N19: 32 | O19: =N19/SQRT(P19-1) -> 13.063945 | P19: 7
A20: Nibbering et al., 1990 | B20: Lymphocyte | C20: Lymphocyte | D20: Blood | E20: human | G20: Coulter counter | M20: 204 | N20: 19 | O20: =N20/SQRT(P20-1) -> 6.7175144 | P20: 9
A21: van Furth et al. 1984 | B21: Macrophage | C21: Macrophage | D21: Skin | E21: human | F21: yes | G21: light microscope | H21: =AVERAGE(K21:L21) -> 10.55 | I21: =(L21-K21)/4 -> 0.475 | K21: 9.6 | L21: 11.5 | M21: =4*PI()/3*(H21/2)^3 -> 614.83135 | N21: =4*PI()*(H21/2)^2*I21/2 -> 83.04594
A22: van Furth et al. 1984 | B22: Macrophage | C22: Macrophage | D22: Peritoneal | E22: human | F22: yes | G22: light microscope | H22: =AVERAGE(K22:L22) -> 12.65 | I22: =(L22-K22)/4 -> 0.275 | K22: 12.1 | L22: 13.2 | M22: =4*PI()/3*(H22/2)^3 -> 1059.913 | N22: =4*PI()*(H22/2)^2*I22/2 -> 69.124758
A23: Becker 1984 | B23: Macrophage | C23: Macrophage | D23: Tissue cultured monocytes | E23: human | F23: yes | G23: Flow Cytometer | M23: 2040 | N23: 120 | Q23: monocytes cultured without interferon for 6 days
A24: Becker 1984 | B24: Macrophage | C24: Macrophage | D24: Tissue cultured monocytes | E24: human | F24: yes | G24: Flow Cytometer | M24: 1180 | N24: 100 | Q24: monocytes cultured with interferon for 6 days
A25: Freitas 2003 | B25: Kupffer cells | C25: Macrophage | D25: Liver | E25: human | F25: no | G25: textbook diameter ranges | H25: =AVERAGE(K25:L25) -> 17.5 | I25: =(L25-K25)/4 -> 1.25 | K25: 15 | L25: 20 | M25: =4*PI()/3*(H25/2)^3 -> 2806.1622 | N25: =4*PI()*(H25/2)^2*I25/2 -> 601.32047
A26: Darvishian et al. 2002 | B26: Langerhans cell | C26: Macrophage | D26: Skin | E26: human | F26: no | H26: =AVERAGE(K26:L26) -> 17.5 | I26: =(L26-K26)/4 -> 1.25 | K26: 15 | L26: 20 | M26: =4*PI()/3*(H26/2)^3 -> 2806.1622 | N26: =4*PI()*(H26/2)^2*I26/2 -> 601.32047
A27: Greer et al. 2004 | B27: Macrophage | C27: Macrophage | D27: Spleen | E27: human | F27: no | G27: textbook diameter ranges | H27: =GEOMEAN(K27,L27) -> 19.17029 | J27: 3 | K27: =0.7*15 -> 10.5 | L27: =0.7*50 -> 35 | M27: =4*PI()/3*(H27/2)^3 -> 3688.796 | O27: =4*PI()*(H27/2)^2*J27/2 -> 1731.803 | Q27: assuming diameters from smears ("in suspension") are overestimating diameter by 30%
A28: Greer et al. 2004 | B28: Macrophage | C28: Macrophage | D28: Skin | E28: human | F28: yes | G28: textbook diameter ranges | H28: =GEOMEAN(K28,L28) -> 14 | J28: 2 | K28: =0.7*10 -> 7 | L28: =0.7*40 -> 28 | M28: =4*PI()/3*(H28/2)^3 -> 1436.755 | O28: =4*PI()*(H28/2)^2*J28/2 -> 615.75216 | Q28: assuming diameters from smears ("in suspension") are overestimating diameter by 30%
A29: Greer et al. 2004 | B29: Alveolar macrophages | C29: Macrophage | D29: Lung | E29: human | F29: no | G29: textbook diameter ranges | H29: =GEOMEAN(K29,L29) -> 19.17029 | J29: 3 | K29: =0.7*15 -> 10.5 | L29: =0.7*50 -> 35 | M29: =4*PI()/3*(H29/2)^3 -> 3688.796 | O29: =4*PI()*(H29/2)^2*J29/2 -> 1731.803 | Q29: assuming diameters from smears ("in suspension") are overestimating diameter by 30%
A30: Kaushansky et al. 2010 | B30: Plasma cell | C30: Plasma cell | E30: human | H30: 14 | I30: =(L30-K30)/4 -> 2.75 | K30: 9 | L30: 20 | M30: =4*PI()/3*(H30/2)^3 -> 1436.755 | N30: =4*PI()*(H30/2)^2*I30/2 -> 846.65922
A31: Kaushansky et al. 2010 | B31: Eosinophil | C31: Eosinophil | D31: Blood | E31: human | G31: textbook diameter ranges | H31: 8 | M31: =4*PI()/3*(H31/2)^3 -> 268.08257
A32: Sokol et al. 1991 | B32: Macrophage | C32: Macrophage | D32: Tissue cultured monocytes | E32: human | F32: yes | G32: ultrastructural morphometry | M32: 775 | O32: 120 | Q32: monocytes cultured without interferon for 6 days
A33: Sokol et al. 1991 | B33: Lymphocyte | C33: Lymphocyte | D33: Blood | E33: human | G33: ultrastructural morphometry | M33: 123 | O33: 3 | Q33: method is biased toward underestimates
A34: Sokol et al. 1991 | B34: Monocyte | C34: Monocyte | D34: Blood | E34: human | G34: ultrastructural morphometry | M34: 270 | O34: 7 | Q34: method is biased toward underestimates
A35: Sokol et al. 1991 | B35: Neutrophil | C35: Neutrophil | D35: Blood | E35: human | G35: ultrastructural morphometry | M35: 257 | O35: 5 | Q35: method is biased toward underestimates
A36: Sokol et al. 1991 | B36: Eosinophil | C36: Eosinophil | D36: Blood | E36: human | G36: ultrastructural morphometry | M36: 255 | O36: 5 | Q36: method is biased toward underestimates
A37: Greer et al. 2004 | B37: Eosinophil | C37: Eosinophil | D37: Blood | E37: human | G37: textbook diameter ranges | H37: =GEOMEAN(K37,L37) -> 8.5732141 | I37: =(L37-K37)/4 -> 0.875 | J37: 0.5 | K37: =0.7*10 -> 7 | L37: =0.7*15 -> 10.5 | M37: =4*PI()/3*(H37/2)^3 -> 329.93594 | N37: =4*PI()*(H37/2)^2*I37/2 -> 101.02184 | O37: =4*PI()*(H37/2)^2*J37/2 -> 57.726765 | Q37: assuming diameters from smears ("in suspension") are overestimating diameter by 30%
A38: Tigner et al. 2022 | B38: Basophil | C38: Basophil | D38: Blood | E38: human | G38: textbook diameter ranges | H38: =GEOMEAN(K38,L38) -> 9.3914855 | I38: =(L38-K38)/4 -> 0.525 | K38: =0.7*12 -> 8.4 | L38: =0.7*15 -> 10.5 | M38: =4*PI()/3*(H38/2)^3 -> 433.71206 | N38: =4*PI()*(H38/2)^2*I38/2 -> 72.735724 | Q38: assuming diameters from smears ("in suspension") are overestimating diameter by 30%
A39: Greer et al. 2004 | B39: Mast cell | C39: Mast cell | D39: Tissues | E39: human | G39: textbook diameter ranges | H39: =AVERAGE(K39:L39) -> 11.2 | I39: =(L39-K39)/4 -> 1.4 | K39: =0.7*12 -> 8.4 | L39: =0.7*20 -> 14 | M39: =4*PI()/3*(H39/2)^3 -> 735.61858 | N39: =4*PI()*(H39/2)^2*I39/2 -> 275.85697
A40: Bradding 2009 | B40: Mast cell | C40: Mast cell | D40: Lung | E40: human | H40: =GEOMEAN(K40,L40) -> 12.649111 | J40: =AVERAGEA(K40:L40)-H40 -> 1.3508894 | K40: 8 | L40: 20 | M40: =4*PI()/3*(H40/2)^3 -> 1059.6894 | O40: =4*PI()*(H40/2)^2*J40/2 -> 339.51553
A41: Schulman et al. 1983 | B41: Mast cell | C41: Mast cell | D41: Lung | E41: human | H41: =AVERAGE(K41:L41) -> 13.6 | I41: =(L41-K41)/4 -> 0.6 | K41: 12.4 | L41: 14.8 | M41: =4*PI()/3*(H41/2)^3 -> 1317.0897 | N41: =4*PI()*(H41/2)^2*I41/2 -> 174.32069
A42: Graw and Regoes, 2012 | B42: Dendritic cells | C42: Dendritic cells | E42: mouse | M42: 2200 | Q42: they assume based on previous literature
A43: Dumortier et al. 2005 | B43: Dendritic cells | C43: Dendritic cells | D43: Spleen | E43: mouse | H43: =AVERAGE(K43:L43) -> 12.5 | I43: =(L43-K43)/4 -> 1.25 | K43: 10 | L43: 15 | M43: =4*PI()/3*(H43/2)^3 * 1.2 -> 1227.1846 | N43: =4*PI()*(H43/2)^2*I43/2*1.2 -> 368.15539 | Q43: assuming the dendritels add 20% of volume
A44: Hart and McKenzie 1988 | B44: Dendritic cells | C44: Dendritic cells | D44: Tonsils | E44: human | H44: =AVERAGE(K44:L44) -> 17.5 | I44: =(L44-K44)/4 -> 1.25 | K44: 15 | L44: 20 | M44: =4*PI()/3*(H44/2)^3 * 1.2 -> 3367.3946 | N44: =4*PI()*(H44/2)^2*I44/2*1.2 -> 721.58456 | Q44: body size")
A45: Franco-Bocanegra et al. 2021 | B45: Microglia | C45: Macrophage | D45: Brain | E45: human | F45: no | G45: 3D-Reconstruction and assessment of morphological features | M45: =260*520/124 -> 1090.3226 | N45: =100*520/124 -> 419.35484 | Q45: lognormal distribution, given 260 for the cell body. Abdolhoseini gives a ratio of 520 total cell volume to 124 soma volume (we assume to correspond to
A46: Abdolhoseini et al. 2019 | B46: Microglia | C46: Macrophage | D46: Brain | E46: mouse | F46: no | G46: 3D-Reconstruction and assessment of morphological features | M46: 520

Sheet Tabula Sapiens Hist
A1: Organ | B1: Segment | C1: TSP14 | D1: TSP2 | E1: Comment | F1: Ref_num_cells | G1: Ref_err | H1: Source
A2: Aorta | B2: Endothelial | D2: 0.12909441
A3: Aorta | B3: Immune | D3: 0.05973025
A4: Aorta | B4: Stromal | D4: 0.81117534
A5: Bladder | B5: Endothelial | C5: 0.05 | D5: 0.30250482
A6: Bladder | B6: Epithelial | C6: 0.5 | D6: 0.39691715 | F6: =4*10^9 -> 4000000000 | H6: Tabula Sapiens, 2022
A7: Bladder | B7: Immune | C7: 0.1 | D7: 0.20038536
A8: Bladder | B8: Stromal | C8: 0.34 | D8: 0.10019268
A9: Bladder | B9: PNS | C9: 0.01 | D9: 0
A10: Diaphragm | B10: Endothelial | D10: 0.477842
A11: Diaphragm | B11: Immune | D11: 0.038535645
A12: Diaphragm | B12: Stromal | D12: 0.48362235
A13: Colon | B13: Endothelial | C13: 0.0758935 | D13: 0.050096339 | E13: TSP14 averaged over acending and sigmoid, TSP2 averaged over proximal and distal
A14: Colon | B14: Epithelial | C14: 0.298469 | D14: 0.37379576 | E14: TSP14 averaged over acending and sigmoid, TSP2 averaged over proximal and distal | F14: 60000000000 | G14: 20000000000 | H14: Sender & Milo 2021
A15: Colon | B15: Immune | C15: 0.25 | D15: 0.24855491 | E15: TSP14 averaged over acending and sigmoid, TSP2 averaged over proximal and distal
A16: Colon | B16: PNS | C16: 0.015306 | D16: 0.011560694 | E16: TSP14 averaged over acending and sigmoid, TSP2 averaged over proximal and distal
A17: Colon | B17: Stromal | C17: 0.3603315 | D17: 0.31599229 | E17: TSP14 averaged over acending and sigmoid, TSP2 averaged over proximal and distal
A18: Small intestine | B18: Endothelial | C18: 0.051020118 | D18: 0.023121387 | E18: weigted average over the mass of the SI segmens: 40g Doud, 300g ilum
A19: Small intestine | B19: Epithelial | C19: 0.234244 | D19: 0.1717103 | E19: weigted average over the mass of the SI segmens: 40g Doud, 300g ilum | F19: 120000000000 | G19: 20000000000 | H19: Sender & Milo 2021
A20: Small intestine | B20: Immune | C20: 0.30559735 | D20: 0.56976085 | E20: weigted average over the mass of the SI segmens: 40g Doud, 300g ilum
A21: Small intestine | B21: PNS | C21: 0.019207529 | D21: 0.011560694 | E21: weigted average over the mass of the SI segmens: 40g Doud, 300g ilum
A22: Small intestine | B22: Stromal | C22: 0.389931 | D22: 0.22384676 | E22: weigted average over the mass of the SI segmens: 40g Doud, 300g ilum
A23: Liver | B23: Endothelial | C23: 0.049745
A24: Liver | B24: Epithelial | C24: 0.75 | F24: 280000000000 | G24: 50000000000 | H24: Heinke et al. 2022
A25: Liver | B25: Immune | C25: 0.15051
A26: Liver | B26: Stromal | C26: 0.049745
A27: Lung(distal) | B27: Endothelial | D27: 0.238921
A28: Lung(distal) | B28: Epithelial | D28: 0.238921 | F28: 109000000000 | G28: 18530000000 | H28: Sender & Milo 2021
A29: Lung(distal) | B29: Immune | D29: 0.30057803
A30: Lung(distal) | B30: Stromal | D30: 0.22157996
A31: Lung(proximal) | B31: Endothelial | D31: 0.13872832
A32: Lung(proximal) | B32: Epithelial | D32: 0.33911368
A33: Lung(proximal) | B33: Immune | D33: 0.23121387
A34: Lung(proximal) | B34: Stromal | D34: 0.29094412
A35: Lymph Node | B35: Endothelial | D35: 0.14836224
A36: Lymph Node | B36: Immune | D36: 0.78034682
A37: Lymph Node | B37: Stromal | D37: 0.071290944
A38: Muscle | B38: Endothelial | C38: 0.37957317 | D38: 0.31984586
A39: Muscle | B39: Immune | C39: 0.050304878 | D39: 0.028901734
A40: Muscle | B40: Stromal | C40: 0.57012195 | D40: 0.65125241 | F40: =19800/30000*10^12 -> 660000000000 | G40: =SQRT(SUMSQ(10000/30000,2500/19800))*F40 -> 235253999848 | H40: Sender & Milo 2021
A41: Spleen | B41: Endothelial | C41: 0.25 | D41: 0.26782274
A42: Spleen | B42: Immune | C42: 0.65051 | D42: 0.57032755
A43: Spleen | B43: Stromal | C43: 0.09949 | D43: 0.16184971
A44: Thymus | B44: Endothelial | C44: 0.09949
A45: Thymus | B45: Immune | C45: 0.30102
A46: Thymus | B46: Stromal | C46: 0.59949
A47: Trachea | B47: Endothelial | C47: 0.1 | D47: 0.10019268
A48: Trachea | B48: Epithelial | C48: 0.4 | D48: 0.39691715
A49: Trachea | B49: Immune | C49: 0.1 | D49: 0.10019268
A50: Trachea | B50: Stromal | C50: 0.4 | D50: 0.4026975
A51: Adipose tissue | B51: Immune | C51: 0.054878049 | E51: Averaged over subcutaneous and mesenteric fat
A52: Adipose tissue | B52: Stromal | C52: 0.86928354 | E52: Averaged over subcutaneous and mesenteric fat | F52: 34000000000 | G52: 5000000000 | H52: Sender & Milo 2021
A53: Adipose tissue | B53: Endothelial | C53: 0.075838415 | E53: Averaged over subcutaneous and mesenteric fat
A54: Heart | B54: Immune | C54: 0.099847561
A55: Heart | B55: Stromal | C55: 0.59984756 | F55: =10^10 -> 10000000000 | G55: =F55/10 -> 1000000000 | H55: Bergmann et al. 2015
A56: Heart | B56: Endothelial | C56: 0.30030488
A57: Pancreas | B57: Immune | C57: 0.099847561
A58: Pancreas | B58: Stromal | C58: 0.20045732
A59: Pancreas | B59: Endothelial | C59: 0.049542683
A60: Pancreas | B60: Epithelial | C60: 0.65015244 | F60: =1*10^11 -> 100000000000 | G60: =2*10^10 -> 20000000000 | H60: Wright et al. 2019
